latitude,longitude,type,info,category
-37.82210994675337,144.93666205920204,Stainless Steel Drinking Fountain / Leaf Type,Wharfs Landing Park,drinking_fountains
-37.81043106640399,144.95558395492208,Leaf Type / With Bottle Refill Tap,Flagstaff Gardens,drinking_fountains
-37.80089398503696,144.96074870882546,Leaf Type / Dog Bowl ,University Square,drinking_fountains
-37.79841970759794,144.92421993826414,Leaf Type / Dog Bowl ,JJ Holland Park,drinking_fountains
-37.7914165845557,144.96125460876374,Leaf Type / Dog Bowl ,Princes Park,drinking_fountains
-37.79028778877907,144.94509842701018,Leaf Type / Dog Bowl ,Royal Park,drinking_fountains
-37.821103585220605,144.97249534473832,Leaf Type / Dog Bowl ,Alexandra Gardens,drinking_fountains
-37.82435043745128,144.9771113193355,Stainless Steel Drinking Fountain / Leaf Type,Bottle Refill Tap,drinking_fountains
-37.78462350014393,144.96015661193692,Stainless Steel Drinking Fountain / Leaf Type,Princes Park,drinking_fountains
-37.796396827991096,144.97292609129818,Leaf Type / Dog Bowl ,Canning & Palmerston St Reserve,drinking_fountains
-37.82055140792857,144.9731742469266,Leaf Type / With Bottle Refill Tap,Alexandra Gardens,drinking_fountains
-37.796300658626926,144.94502857293458,Leaf Type / Dog Bowl ,Pleasance Gardens,drinking_fountains
-37.80037327256486,144.97278944216202,Leaf Type / With Bottle Refill Tap,Murchison Square,drinking_fountains
-37.82089072956917,144.94692985249003,Stainless Steel Drinking Fountain / Leaf Type,Docklands Park,drinking_fountains
-37.80211398428,144.97283100368065,Leaf Type / With Bottle Refill Tap,Carlton Gardens North,drinking_fountains
-37.81536210793982,144.97970486535712,Stainless Steel Drinking Fountain / Leaf Type,,drinking_fountains
-37.79431438564634,144.9302959180467,Stainless Steel Drinking Fountain / Leaf Type,,drinking_fountains
-37.828673986591355,144.9672264971803,Treated Timber Drinking Fountain / Miles & Dodds Street Reserve,,drinking_fountains
-37.79337819173264,144.94004830856508,Urban design stainless steel,,drinking_fountains
-37.799615873678334,144.96425054146184,Stainless Steel Drinking Fountain / Leaf Type,Bottle Refill Tap,drinking_fountains
-37.814969228345504,144.96035042039261,Stainless Steel Drinking Fountain / Leaf Type,,drinking_fountains
-37.81932147571993,144.94249797871333,Stainless Steel Drinking Fountain / Leaf Type,,drinking_fountains
-37.80750643106099,144.9685049927858,Stainless Steel Drinking Fountain / Leaf Type,,drinking_fountains
-37.780205363639304,144.95293574839906,Stainless Steel Drinking Fountain / Leaf Type,Royal Park,drinking_fountains
-37.814695182979264,144.93847737611912,Stainless Steel Drinking Fountain / Leaf Type,,drinking_fountains
-37.82337609495653,144.9798517032086,Stainless Steel Drinking Fountain / Leaf Type,Bottle Refill Tap,drinking_fountains
-37.818939263478214,144.94348692912953,Stainless Steel Drinking Fountain / Leaf Type,,drinking_fountains
-37.77845421707277,144.95603509792244,Concrete Drinking Fountain,,drinking_fountains
-37.81386555249958,144.96475087670643,Stainless Steel Drinking Fountain / Leaf Type,,drinking_fountains
-37.78297956185507,144.9418702885437,Stainless Steel Drinking Fountain / Leaf Type,Bottle Refill Tap,drinking_fountains
-37.79542994425931,144.95202812794676,Leaf Type / With Bottle Refill Tap,Royal Park,drinking_fountains
-37.79275280598382,144.96844335889637,Stainless Steel Drinking Fountain / Leaf Type,,drinking_fountains
-37.811050947085775,144.96714245008525,Stainless Steel Drinking Fountain / Leaf Type,Bottle Refill Tap,drinking_fountains
-37.83081555124981,144.97427512305256,Leaf Type / With Bottle Refill Tap,Shrine of Remembrance Reserve,drinking_fountains
-37.82051269611414,144.94396083541395,Stainless Steel Drinking Fountain / Leaf Type,,drinking_fountains
-37.819668916851825,144.9417577515994,Stainless Steel Drinking Fountain / Old Docklands Type,,drinking_fountains
-37.81515985140142,144.93712549711364,Stainless Steel Drinking Fountain / Leaf Type,,drinking_fountains
-37.82114510296565,144.94298366417019,Stainless Steel Drinking Fountain / Old Docklands Type,,drinking_fountains
-37.8175239427856,144.96013037555608,Stainless Steel Drinking Fountain / Leaf Type,,drinking_fountains
-37.80225790808832,144.96613628041044,Stainless Steel Drinking Fountain / Leaf Type,Argyle Square,drinking_fountains
-37.81600551227767,144.9651330881475,Stainless Steel Drinking Fountain / Leaf Type,Bottle Refill Tap,drinking_fountains
-37.79924850919621,144.9504177251165,Leaf Type / Dog Bowl ,Errol Street Reserve,drinking_fountains
-37.82123671455052,144.97077057669242,Historic or Heritage Drinking Fountains / Queen Victoria Gardens,,drinking_fountains
-37.79922710932603,144.94028139112405,Stainless Steel Drinking Fountain / Leaf Type,North Melbourne Recreation Reserve,drinking_fountains
-37.80056485451508,144.9668454274885,Stainless Steel Drinking Fountain / Leaf Type,Bottle Refill Tap,drinking_fountains
-37.81033905955521,144.9724239787079,Stainless Steel Drinking Fountain / Leaf Type,,drinking_fountains
-37.805018324001324,144.94911036775298,Stainless Steel Drinking Fountain / Leaf Type,Bottle Refill Tap,drinking_fountains
-37.79009686226306,144.9257559567742,Historic or Heritage Drinking Fountains / Liddy Street Reserve (KENSINGTON),,drinking_fountains
-37.7981300933256,144.9217175971122,Treated Timber Drinking Fountain / JJ Holland Park,,drinking_fountains
-37.81261776692698,144.9683505786709,Stainless Steel Drinking Fountain / Leaf Type,Bottle Refill Tap,drinking_fountains
-37.80626983275522,144.95806339729006,Stainless Steel Drinking Fountain / Leaf Type,,drinking_fountains
-37.81812625933699,144.9458429589375,Stainless Steel Drinking Fountain / Leaf Type,,drinking_fountains
-37.81243580767888,144.97368439844223,Stainless Steel Drinking Fountain / Leaf Type,Bottle Refill Tap,drinking_fountains
-37.816927072109706,144.9837045105586,Old Style Steel Drinking Fountain,,drinking_fountains
-37.80725891583743,144.94696422855037,Stainless Steel Drinking Fountain / Leaf Type,Bottle Refill Tap,drinking_fountains
-37.79735380762625,144.95284368062156,Drinking Fountain / Type 1,,drinking_fountains
-37.79583501177402,144.96807205336754,Leaf Type / Dog Bowl ,Neill Street Reserve,drinking_fountains
-37.813703464993914,144.96524821218875,Drinking Fountain / Type 1,,drinking_fountains
-37.816008130348806,144.94552203541383,Stainless Steel Drinking Fountain / Leaf Type,,drinking_fountains
-37.811115148970096,144.96662794395766,Stainless Steel Drinking Fountain / Leaf Type,,drinking_fountains
-37.806116903955164,144.9571333967204,Drinking Fountain / Type 1,,drinking_fountains
-37.8452141594852,144.98256140204748,Leaf Type / Dog Bowl ,Fawkner Park,drinking_fountains
-37.81047950700537,144.96434622822136,Stainless Steel Drinking Fountain / Leaf Type,Bottle Refill Tap,drinking_fountains
-37.795526766864704,144.93075415955866,Stainless Steel Drinking Fountain / Leaf Type,Bellair Street Reserve,drinking_fountains
-37.800491981075275,144.96374391208968,Stainless Steel Drinking Fountain / Leaf Type,Bottle Refill Tap,drinking_fountains
-37.82024273028081,144.95962780503942,Stainless Steel Drinking Fountain / Leaf Type,Bottle Refill Tap,drinking_fountains
-37.82022017744959,144.94480746086566,Stainless Steel Drinking Fountain / Northbank Type,,drinking_fountains
-37.81232314728076,144.98893301349375,Stainless Steel Drinking Fountain / Leaf Type,Bottle Refill Tap,drinking_fountains
-37.795594738274296,144.9691367333386,Stainless Steel Drinking Fountain / Leaf Type,Neill Street Reserve,drinking_fountains
-37.79622591094481,144.92675323715673,Historic or Heritage Drinking Fountains / Warun Biik Park,,drinking_fountains
-37.79125129687361,144.93147576642454,Drinking Fountain / Type 1,,drinking_fountains
-37.79166434549512,144.95175691050537,Leaf Type / Dog Bowl ,Royal Park,drinking_fountains
-37.828809493040296,144.97413127261856,Stainless Steel Drinking Fountain / Leaf Type,Kings Domain South,drinking_fountains
-37.82099191418598,144.9617423793966,Stainless Steel Drinking Fountain / Leaf Type,Bottle Refill Tap,drinking_fountains
-37.813705889407565,144.9749027278744,Stainless Steel Drinking Fountain / Leaf Type,Bottle Refill Tap,drinking_fountains
-37.83249800027375,144.97285892460977,Historic or Heritage Drinking Fountains / Shrine Gardens,,drinking_fountains
-37.80633683559588,144.9590744803669,Stainless Steel Drinking Fountain / Leaf Type,,drinking_fountains
-37.786067144628724,144.96306993513306,Stainless Steel Drinking Fountain / Leaf Type,Bottle Refill Tap,drinking_fountains
-37.81437201868546,144.96613327636365,Stainless Steel Drinking Fountain / Leaf Type,Bottle Refill Tap,drinking_fountains
-37.81840304050843,144.97885934809221,Drinking Fountain / Monument Style Type 3,,drinking_fountains
-37.81649090115357,144.98515748991457,Stainless Steel Drinking Fountain / Leaf Type,Bottle Refill Tap,drinking_fountains
-37.79407412774661,144.93082898880024,Stainless Steel Drinking Fountain / Leaf Type,Eastwood and Rankins Park,drinking_fountains
-37.807863918393416,144.96107434937468,Stainless Steel Drinking Fountain / Leaf Type,,drinking_fountains
-37.81607983975034,144.93862697161046,Stainless Steel Drinking Fountain / Leaf Type,,drinking_fountains
-37.81328717472797,144.9892411598799,Stainless Steel Drinking Fountain / Leaf Type,,drinking_fountains
-37.80530265416531,144.96955831322754,Stainless Steel Drinking Fountain / Leaf Type,Bottle Refill Tap,drinking_fountains
-37.815447719564624,144.96705501075527,Stainless Steel Drinking Fountain / Leaf Type,,drinking_fountains
-37.839918521598555,144.9812959600913,Leaf Type / Dog Bowl,Fawkner Park,drinking_fountains
-37.81367564418339,144.98268520584864,Leaf Type / With Bottle Refill Tap,Fitzroy Gardens,drinking_fountains
-37.82087279535316,144.94185586107258,Stainless Steel Drinking Fountain / Old Docklands Type,,drinking_fountains
-37.815558943545426,144.93989772357784,Stainless Steel Drinking Fountain / Leaf Type,,drinking_fountains
-37.78144167402145,144.95595472988092,Stainless Steel Drinking Fountain / Leaf Type,Royal Park,drinking_fountains
-37.78559620252012,144.96932282550418,Drinking Fountain / Monument Style Type 2,Hardy Reserve,drinking_fountains
-37.82424533734149,144.97698410547824,Leaf Type / Dog Bowl ,Kings Domain,drinking_fountains
-37.81010993947886,144.95363625566395,Leaf Type / Dog Bowl ,Flagstaff Gardens,drinking_fountains
-37.8020146095429,144.9605723948678,Historic or Heritage fountains / University Square,,drinking_fountains
-37.7881098191695,144.95949172029708,Leaf Type / With Bottle Refill Tap,Princes Park,drinking_fountains
-37.77732383776788,144.9531895231545,Stainless Steel Drinking Fountain / Leaf Type,Royal Park,drinking_fountains
-37.82168006484173,144.9700370336942,Leaf Type / With Bottle Refill Tap,Queen Victoria Gardens,drinking_fountains
-37.82605853691661,144.9615312833258,Stainless Steel Drinking Fountain / Leaf Type,Boyd Community Hub,drinking_fountains
-37.827087271632976,144.98504460154422,Historic or Heritage Drinking Fountains / Alexandra Park,,drinking_fountains
-37.819734518071364,144.9475652363716,Stainless Steel Drinking Fountain / Leaf Type,Hub@Docklands,drinking_fountains
-37.82017775836843,144.9480020326732,Leaf Type / With Bottle Refill Tap,Hub@Docklands,drinking_fountains
-37.78413055442304,144.9561695135437,Leaf Type / Dog Bowl ,Royal Park,drinking_fountains
-37.78866797179563,144.96246173875772,Leaf Type / With Bottle Refill Tap,Princes Park,drinking_fountains
-37.79256416270773,144.922630804458,Leaf Type / With Bottle Refill Tap,Peppercorn Park,drinking_fountains
-37.79148137934659,144.95640337310826,Leaf Type / With Bottle Refill Tap,Royal Park,drinking_fountains
-37.781971287851476,144.95606844481355,Leaf Type / With Bottle Refill Tap,Royal Park,drinking_fountains
-37.79451455017051,144.9159122539464,Leaf Type / Dog Bowl ,Riverside Park,drinking_fountains
-37.819376190936254,144.96425791163875,Stainless Steel Drinking Fountain / Northbank Type,,drinking_fountains
-37.80719483579952,144.97264821832775,Treated Timber Drinking Fountain / Carlton Gardens South,,drinking_fountains
-37.80333644461803,144.94973046402842,Ornamental Drinking Fountain / Errol St North Melbourne,,drinking_fountains
-37.8200996090771,144.96520412105647,Stainless Steel Drinking Fountain / Leaf Type,Bottle Refill Tap,drinking_fountains
-37.81191194838843,144.97076931535327,Stainless Steel Drinking Fountain / Leaf Type,Bottle Refill Tap,drinking_fountains
-37.81108547106561,144.986823716213,Stainless Steel Drinking Fountain / Leaf Type,Powlett Reserve,drinking_fountains
-37.79634473440512,144.95295625926101,Treated Timber Drinking Fountain / Ievers Reserve,,drinking_fountains
-37.83352412979702,144.98347223277543,Leaf Type / Dog Bowl ,Kings Domain South,drinking_fountains
-37.81655981940826,144.958479412123,Stainless Steel Drinking Fountain / Leaf Type,Bottle Refill Tap,drinking_fountains
-37.81906773607154,144.95451978482612,Stainless Steel Drinking Fountain / Leaf Type,Bottle Refill Tap,drinking_fountains
-37.81262231879966,144.95695726799045,Stainless Steel Drinking Fountain / Leaf Type,Bottle Refill Tap,drinking_fountains
-37.78972452756684,144.95542692736785,Leaf Type / Dog Bowl ,Royal Park,drinking_fountains
-37.81949228639884,144.94459499380662,Stainless Steel Drinking Fountain / Leaf Type,,drinking_fountains
-37.807152962975586,144.95128617901676,Stainless Steel Drinking Fountain / Leaf Type,Bottle Refill Tap,drinking_fountains
-37.81013008750712,144.99100554178736,Drinking Fountain / Type 1,,drinking_fountains
-37.814022713257685,144.96377589639772,Stainless Steel Drinking Fountain / Leaf Type,Bottle Refill Tap,drinking_fountains
-37.83822661704696,144.9845757117782,Stainless Steel Drinking Fountain / Leaf Type,,drinking_fountains
-37.80218636204077,144.97111015985016,Stainless Steel Drinking Fountain / Leaf Type,Bottle Refill Tap,drinking_fountains
-37.80154324073521,144.97074694104214,Leaf Type / With Bottle Refill Tap,Carlton Gardens North,drinking_fountains
-37.78615201108828,144.95349293828525,Stainless Steel Drinking Fountain / Leaf Type,Royal Park,drinking_fountains
-37.81992693832316,144.94314585668042,Stainless Steel Drinking Fountain / Leaf Type,,drinking_fountains
-37.81890778973109,144.97301938244627,Historic or Heritage Drinking Fountains / Birrarung Marr,,drinking_fountains
-37.811441273333834,144.95511626726946,Stainless Steel Drinking Fountain / Leaf Type,Bottle Refill Tap,drinking_fountains
-37.82016422388396,144.9419807414183,Stainless Steel Drinking Fountain / Old Docklands Type,,drinking_fountains
-37.827924925554626,144.98354503295144,unspecified type / Alexandra Park,,drinking_fountains
-37.81472791168905,144.93868934270515,Leaf Type / Dog Bowl ,New Quay Central Park,drinking_fountains
-37.80831892386757,144.97445245211898,Old Style Steel Drinking Fountain,,drinking_fountains
-37.82340947086067,144.94065316721642,Stainless Steel Drinking Fountain / Northbank Type,,drinking_fountains
-37.818393312901414,144.94467796351668,Stainless Steel Drinking Fountain / Leaf Type,,drinking_fountains
-37.787145044550506,144.95944649397603,Stainless Steel Drinking Fountain / Leaf Type,Princes Park,drinking_fountains
-37.84105383065132,144.98474159117376,unspecified type / Fawkner Park,,drinking_fountains
-37.83912302483119,144.98029597307354,Stainless Steel Drinking Fountain / Leaf Type,Fawkner Park,drinking_fountains
-37.80696316737549,144.97097533310074,Treated Timber Drinking Fountain / Carlton Gardens South,,drinking_fountains
-37.82006369883412,144.94335006764553,Stainless Steel Drinking Fountain / Leaf Type,,drinking_fountains
-37.82416129460037,144.94386411864073,Stainless Steel Drinking Fountain / Leaf Type,,drinking_fountains
-37.81047413141583,144.98106657764444,Leaf Type / Dog Bowl ,Fitzroy Gardens,drinking_fountains
-37.81426414724787,144.97865144245154,Leaf Type / With Bottle Refill Tap,Fitzroy Gardens,drinking_fountains
-37.81877097793573,144.97408155357158,Leaf Type / With Bottle Refill Tap,Birrarung Marr,drinking_fountains
-37.811816918335545,144.9647358013035,Stainless Steel Drinking Fountain / Leaf Type,Bottle Refill Tap,drinking_fountains
-37.829394894475676,144.97402641133465,Stainless Steel Drinking Fountain / Leaf Type,Kings Domain South,drinking_fountains
-37.789426340332234,144.92521601291634,Drinking Fountain / Type 1,,drinking_fountains
-37.82093618828216,144.94302877180849,Stainless Steel Drinking Fountain / Old Docklands Type,,drinking_fountains
-37.807299202453336,144.9638063589646,Stainless Steel Drinking Fountain / Leaf Type,,drinking_fountains
-37.81775113289117,144.9668727624917,Stainless Steel Drinking Fountain / Leaf Type,Bottle Refill Tap,drinking_fountains
-37.78516928275589,144.9629960270774,Stainless Steel Drinking Fountain / Leaf Type,Princes Park,drinking_fountains
-37.808763201408944,144.9755999159518,Drinking Fountain / Monument Style Type 3,,drinking_fountains
-37.81370900165242,144.96521920731234,Stainless Steel Drinking Fountain / Leaf Type,,drinking_fountains
-37.78528312570061,144.96618877508342,Drinking Fountain / Monument Style Type 5,,drinking_fountains
-37.812116364293914,144.96242655579448,Stainless Steel Drinking Fountain / Leaf Type,Bottle Refill Tap,drinking_fountains
-37.794860401126186,144.97032531494713,Stainless Steel Drinking Fountain / Leaf Type,Neill Street Reserve,drinking_fountains
-37.81933413777128,144.96443696866604,Stainless Steel Drinking Fountain / Northbank Type,,drinking_fountains
-37.797011044237784,144.96719442537855,Stainless Steel Drinking Fountain / Leaf Type,,drinking_fountains
-37.817347815583766,144.9877967436974,Stainless Steel Drinking Fountain / Leaf Type,Bottle Refill Tap,drinking_fountains
-37.80873006707316,144.945010465895,Stainless Steel Drinking Fountain / Leaf Type,Hawke and Adderley Street Park,drinking_fountains
-37.81522141134258,144.96172628554172,Drinking Fountain / Type 1,,drinking_fountains
-37.82050899334054,144.94485852337164,Stainless Steel Drinking Fountain / Northbank Type,,drinking_fountains
-37.79332999851195,144.97374160438724,Treated Timber Drinking Fountain / Neill & Canning Street Reserve (CARLTON),,drinking_fountains
-37.82553356070186,144.96099800648864,Historic or Heritage Drinking Fountains / Boyd Community Hub (SOUTHBANK),,drinking_fountains
-37.82220232720067,144.956603131736,Treated Timber Drinking Fountain / Batman Park,,drinking_fountains
-37.793822787803755,144.958038101861,Stainless Steel Drinking Fountain / Leaf Type,Bottle Refill Tap,drinking_fountains
-37.78533232662653,144.9534737646951,Stainless Steel Drinking Fountain / Leaf Type,Bottle Refill Tap,drinking_fountains
-37.809792956338455,144.95510199726527,Treated Timber Drinking Fountain / Flagstaff Gardens,,drinking_fountains
-37.817906690815356,144.96632571147111,Stainless Steel Drinking Fountain / Leaf Type,,drinking_fountains
-37.807115639803214,144.95593164435638,Stainless Steel Drinking Fountain / Leaf Type,,drinking_fountains
-37.83463602099828,144.97488441712127,Stainless Steel Drinking Fountain / Leaf Type,Bottle Refill Tap,drinking_fountains
-37.826019122772884,144.96821302911962,Stainless Steel Drinking Fountain / Leaf Type,Grant Street Reserve,drinking_fountains
-37.82449321904346,144.945698116347,Stainless Steel Drinking Fountain / Leaf Type,,drinking_fountains
-37.818037935423334,144.9566252834487,Stainless Steel Drinking Fountain / Leaf Type,Bottle Refill Tap,drinking_fountains
-37.840591031294394,144.9842020334054,Stainless Steel Drinking Fountain / Leaf Type,Fawkner Park,drinking_fountains
-37.82012801999004,144.94484546150136,Historic or Heritage Drinking Fountains / Victoria Green,,drinking_fountains
-37.82514308986054,144.97830100199906,Stainless Steel Drinking Fountain / Leaf Type,Kings Domain South,drinking_fountains
-37.79690982991827,144.93887017448856,Leaf Type / Dog Bowl ,Clayton Reserve,drinking_fountains
-37.81714667057808,144.93410355599931,Stainless Steel Drinking Fountain / Leaf Type,Ron Barassi Senior Park,drinking_fountains
-37.80774274876369,144.96308654177773,Stainless Steel Drinking Fountain / Leaf Type,Bottle Refill Tap,drinking_fountains
-37.82072500491043,144.97068041637496,Stainless Steel Drinking Fountain / Leaf Type,Alexandra Gardens,drinking_fountains
-37.814286786699014,144.94481901237222,Stainless Steel Drinking Fountain / Leaf Type,,drinking_fountains
-37.813427946638626,144.94277418583766,Stainless Steel Drinking Fountain / Old Docklands Type,,drinking_fountains
-37.79515817674436,144.9710380792056,Drinking Fountain / Type 1,,drinking_fountains
-37.78858107833513,144.9262313297776,Drinking Fountain / Type 2,Stock Route Reserve (KENSINGTON),drinking_fountains
-37.777124890749405,144.95150670643167,Stainless Steel Drinking Fountain / Leaf Type,Royal Park,drinking_fountains
-37.82087796877212,144.97293196853022,Stainless Steel Drinking Fountain / Leaf Type,Alexandra Gardens,drinking_fountains
-37.837913044811074,144.9818740242421,Leaf Type / Dog Bowl ,Fawkner Park,drinking_fountains
-37.8060370483463,144.95639004511094,Drinking Fountain / Type 1,,drinking_fountains
-37.82018203006011,144.96060794598628,Drinking Fountain / Type 1,,drinking_fountains
-37.802013714097406,144.95783228776227,Stainless Steel Drinking Fountain / Leaf Type,,drinking_fountains
-37.81030304680633,144.9786636062916,Leaf Type / With Bottle Refill Tap,Fitzroy Gardens,drinking_fountains
-37.814436444048496,144.97774297882825,Stainless Steel Drinking Fountain / Leaf Type,Bottle Refill Tap,drinking_fountains
-37.82039536598253,144.94148537021343,Stainless Steel Drinking Fountain / Leaf Type,,drinking_fountains
-37.7989933421049,144.94335952463908,unspecified type / Gardiner Reserve,,drinking_fountains
-37.82249308106257,144.97114401537564,Leaf Type / With Bottle Refill Tap,Queen Victoria Gardens,drinking_fountains
-37.81165168802,144.98072416956458,Leaf Type / With Bottle Refill Tap,Fitzroy Gardens,drinking_fountains
-37.778630360270995,144.96168045209797,Leaf Type / Dog Bowl ,Princes Park,drinking_fountains
-37.79016688522425,144.92406824328089,Treated Timber Drinking Fountain / Stock Bridge (KENSINGTON),,drinking_fountains
-37.82186723614085,144.9572554993872,Stainless Steel Drinking Fountain / Leaf Type,Bottle Refill Tap,drinking_fountains
-37.81437281760768,144.9443629296941,Stainless Steel Drinking Fountain / Leaf Type,,drinking_fountains
-37.830658429920206,144.97605393970306,Stainless Steel Drinking Fountain / Leaf Type,Bottle Refill Tap,drinking_fountains
-37.82469655350015,144.9721174141578,Stainless Steel Drinking Fountain / Leaf Type,Bottle Refill Tap,drinking_fountains
-37.82317712092532,144.94186784766944,Stainless Steel Drinking Fountain / Leaf Type,Bottle Refill Tap,drinking_fountains
-37.8212095645359,144.9694728091101,Stainless Steel Drinking Fountain / Leaf Type,Queen Victoria Gardens,drinking_fountains
-37.79786751874929,144.92606408339236,Leaf Type / With Bottle Refill Tap,JJ Holland Park,drinking_fountains
-37.79365820618429,144.92352614663906,Leaf Type / Dog Bowl ,Bayswater Road Park,drinking_fountains
-37.79639356481317,144.9464489931069,Leaf Type / With Bottle Refill Tap,Pleasance Gardens,drinking_fountains
-37.77874396844592,144.9527310464918,Leaf Type / With Bottle Refill Tap,Royal Park,drinking_fountains
-37.81961616571647,144.94608043349226,Leaf Type / With Bottle Refill Tap,Docklands Park,drinking_fountains
-37.815185695578855,144.95257756009232,Stainless Steel Drinking Fountain / Leaf Type,,drinking_fountains
-37.824688315009205,144.94695310036423,Stainless Steel Drinking Fountain / Leaf Type,,drinking_fountains
-37.81337112781817,144.94357125504956,Stainless Steel Drinking Fountain / Old Docklands Type,,drinking_fountains
-37.809593623030885,144.96424038761432,Stainless Steel Drinking Fountain / Leaf Type,Bottle Refill Tap,drinking_fountains
-37.7836624497961,144.95999863520058,unspecified type / Princes Park,,drinking_fountains
-37.810693329155406,144.983071937749,Leaf Type / With Bottle Refill Tap,Fitzroy Gardens,drinking_fountains
-37.810438177722986,144.96409803572945,Stainless Steel Drinking Fountain / Leaf Type,,drinking_fountains
-37.83028525455125,144.97264952949166,Leaf Type / With Bottle Refill Tap,Shrine of Remembrance Reserve,drinking_fountains
-37.819571118805214,144.97182464875007,unspecified type / Alexandra Park,,drinking_fountains
-37.798924491881245,144.92595592847908,Treated Timber Drinking Fountain / JJ Holland Park,,drinking_fountains
-37.812430045460935,144.96501543858767,Stainless Steel Drinking Fountain / Leaf Type,,drinking_fountains
-37.81767138974231,144.9462535088493,Stainless Steel Drinking Fountain / Leaf Type,,drinking_fountains
-37.80443768421831,144.96343052616893,Stainless Steel Drinking Fountain / Leaf Type,Bottle Refill Tap,drinking_fountains
-37.81027785022815,144.9610923413044,Stainless Steel Drinking Fountain / Leaf Type,Bottle Refill Tap,drinking_fountains
-37.82842091627398,144.98460191449672,Stainless Steel Drinking Fountain / Leaf Type,Bottle Refill Tap,drinking_fountains
-37.78528327065247,144.96619195051946,Drinking Fountain / Monument Style Type 2,Hardy Reserve,drinking_fountains
-37.795118666338084,144.95091878885694,Leaf Type / Dog Bowl ,Royal Park,drinking_fountains
-37.79745516285821,144.92349296059965,Historic or Heritage Drinking Fountains / JJ Holland Park,,drinking_fountains
-37.81152641068227,144.9728037168352,Stainless Steel Drinking Fountain / Leaf Type,Bottle Refill Tap,drinking_fountains
-37.78493695299493,144.96233927588727,Stainless Steel Drinking Fountain / Leaf Type,Princes Park,drinking_fountains
-37.80241728553812,144.97202290316702,Leaf Type / With Bottle Refill Tap,Carlton Gardens North,drinking_fountains
-37.80726039782801,144.95788106825034,Stainless Steel Drinking Fountain / Leaf Type,Bottle Refill Tap,drinking_fountains
-37.809316361164214,144.95453335359068,Stainless Steel Drinking Fountain / Leaf Type,Bottle Refill Tap,drinking_fountains
-37.829762043290245,144.9650239066239,Treated Timber Drinking Fountain / Sturt Street Reserve,,drinking_fountains
-37.80282308235531,144.96630068198394,Drinking Fountain / Monument Style Type 2,Argyle Square,drinking_fountains
-37.81319698844885,144.97374469190206,Stainless Steel Drinking Fountain / Leaf Type,,drinking_fountains
-37.80663190787703,144.95991334440367,Duke & Duchess of York Memorial Drinking Fountain,,drinking_fountains
-37.81331469375451,144.9666513135716,Stainless Steel Drinking Fountain / Leaf Type,Bottle Refill Tap,drinking_fountains
-37.78784948378831,144.92456233354102,Leaf Type / Dog Bowl ,Newmarket Reserve,drinking_fountains
-37.77990316842913,144.96103894553204,Historic or Heritage Drinking Fountains / Princes Park,,drinking_fountains
-37.83210001827241,144.975544260503,Treated Timber Drinking Fountain / Shrine Gardens,,drinking_fountains
-37.79889823757444,144.94401837483926,Stainless Steel Drinking Fountain / Leaf Type,Gardiner Reserve,drinking_fountains
-37.811468256332006,144.96175067722208,Stainless Steel Drinking Fountain / Leaf Type,Bottle Refill Tap,drinking_fountains
-37.79735923804568,144.97398629700336,Stainless Steel Drinking Fountain / Leaf Type,Station Street Park,drinking_fountains
-37.794034684551164,144.91961812395766,Leaf Type / Dog Bowl,Stockmans Way,drinking_fountains
-37.80899368753833,144.9728686722591,Stainless Steel Drinking Fountain / Leaf Type,Bottle Refill Tap,drinking_fountains
-37.843405472059246,144.9823703451879,Leaf Type / Dog Bowl,Fawkner Park,drinking_fountains
-37.811184402608355,144.9751861982011,Stainless Steel Drinking Fountain / Leaf Type,,drinking_fountains
-37.81437973339851,144.97601583515225,Stainless Steel Drinking Fountain / Leaf Type,Bottle Refill Tap,drinking_fountains
-37.81942840031672,144.94578822758686,Stainless Steel Drinking Fountain / Leaf Type,,drinking_fountains
-37.81678974689995,144.96933696934119,Stainless Steel Drinking Fountain / Leaf Type,,drinking_fountains
-37.82760195838954,144.9819469602272,Treated Timber Drinking Fountain / Alexandra Park,,drinking_fountains
-37.81818027452629,144.97128244641144,Stainless Steel Drinking Fountain / Leaf Type,Bottle Refill Tap,drinking_fountains
-37.812710697465654,144.96535589295792,Stainless Steel Drinking Fountain / Leaf Type,Bottle Refill Tap,drinking_fountains
-37.811005097961136,144.95862163735288,Stainless Steel Drinking Fountain / Leaf Type,Bottle Refill Tap,drinking_fountains
-37.81956008903184,144.96060041327848,Drinking Fountain / Type 1,,drinking_fountains
-37.815691536791896,144.98226715782863,Leaf Type / Dog Bowl ,Fitzroy Gardens,drinking_fountains
-37.81601000604859,144.97270242239682,Stainless Steel Drinking Fountain / Leaf Type,,drinking_fountains
-37.84249232047023,144.9843961780638,Leaf Type / With Bottle Refill Tap,Fawkner Park,drinking_fountains
-37.815397268275994,144.94056198429413,Stainless Steel Drinking Fountain / Old Docklands Type,,drinking_fountains
-37.79581789599728,144.93892278396697,Leaf Type / Dog Bowl ,Clayton Reserve,drinking_fountains
-37.81884561014748,144.94837757274016,Stainless Steel Drinking Fountain / Leaf Type,,drinking_fountains
-37.8148665286666,144.979341237583,Stainless Steel Drinking Fountain / Leaf Type,,drinking_fountains
-37.82000241423202,144.9437625580217,Stainless Steel Drinking Fountain / Leaf Type,,drinking_fountains
-37.818466012455424,144.97388211503446,Drinking Fountain / Type 2,Birrarung Marr,drinking_fountains
-37.79825505675542,144.9705660670761,Drinking Fountain / Monument Style Type 2,,drinking_fountains
-37.81841607031649,144.94658139539987,Stainless Steel Drinking Fountain / Leaf Type,,drinking_fountains
-37.8334339089649,144.98151523466336,Stainless Steel Drinking Fountain / Leaf Type,Kings Domain South,drinking_fountains
-37.81099949197208,144.99096539168528,Drinking Fountain / Type 1,,drinking_fountains
-37.81237811232576,144.96521212904446,Stainless Steel Drinking Fountain / Leaf Type,Bottle Refill Tap,drinking_fountains
-37.8188136383738,144.942903892035,Stainless Steel Drinking Fountain / Leaf Type,,drinking_fountains
-37.78073096453612,144.95108741208116,Stainless Steel Drinking Fountain / Leaf Type,Bottle Refill Tap,drinking_fountains
-37.81506309138495,144.96899203807533,Stainless Steel Drinking Fountain / Leaf Type,,drinking_fountains
-37.822177747738806,144.93826895163244,Unknown,,drinking_fountains
-37.813586967977756,144.9803405398592,Leaf Type / With Bottle Refill Tap,Fitzroy Gardens,drinking_fountains
-37.82122088208344,144.94418531958326,Stainless Steel Drinking Fountain / Old Docklands Type,,drinking_fountains
-37.79376491305337,144.97024082502696,Stainless Steel Drinking Fountain / Leaf Type,Reeves Street Park,drinking_fountains
-37.80596124931496,144.97143107579004,Leaf Type / With Bottle Refill Tap,Carlton Gardens South,drinking_fountains
-37.79206873155685,144.9297513827727,Drinking Fountain / Type 1,,drinking_fountains
-37.8163642527943,144.95539891425878,Stainless Steel Drinking Fountain / Leaf Type,Bottle Refill Tap,drinking_fountains
-37.79686727949099,144.952046464975,Treated Timber Drinking Fountain / Ievers Reserve,,drinking_fountains
-37.8213916576197,144.94536775680646,Stainless Steel Drinking Fountain / Leaf Type,,drinking_fountains
-37.803371100927336,144.96636401763817,Stainless Steel Drinking Fountain / Leaf Type,Bottle Refill Tap,drinking_fountains
-37.813892178607055,144.9641120868484,Stainless Steel Drinking Fountain / Leaf Type,,drinking_fountains
-37.82034342836768,144.94031908099987,Stainless Steel Drinking Fountain / Leaf Type,,drinking_fountains
-37.78098685657206,144.962456506622,Stainless Steel Drinking Fountain / Leaf Type,Princes Park,drinking_fountains
-37.82120300569749,144.9464400812558,Stainless Steel Drinking Fountain / Leaf Type,Bottle Refill Tap,drinking_fountains
-37.8386331437282,144.97805941362765,Leaf Type / Dog Bowl ,Fawkner Park,drinking_fountains
-37.79775185327968,144.96744736482998,Drinking Fountain / Lygon St Type,,drinking_fountains
-37.81553989313365,144.95836642425357,Stainless Steel Drinking Fountain / Leaf Type,Bottle Refill Tap,drinking_fountains
-37.80566602896913,144.94256675118035,Leaf Type / Dog Bowl ,Railway Place And Miller Street Reserve,drinking_fountains
-37.80262121799853,144.96563804631617,Stainless Steel Drinking Fountain / Leaf Type,Argyle Square,drinking_fountains
-37.81378184056998,144.94225864282328,Stainless Steel Drinking Fountain / Leaf Type,,drinking_fountains
-37.80980631970157,144.97383443627947,Stainless Steel Drinking Fountain / Leaf Type,Parliament Reserve,drinking_fountains
-37.802215372127485,144.96301319081624,Stainless Steel Drinking Fountain / Leaf Type,Bottle Refill Tap,drinking_fountains
-37.779553322018664,144.93984653851456,Stainless Steel Drinking Fountain / Leaf Type,Parkville Gardens,drinking_fountains
-37.832243003760865,144.97302849826244,Historic or Heritage Drinking Fountains / Shrine Gardens,,drinking_fountains
-37.81276680167682,144.9815543655956,Stainless Steel Drinking Fountain / Leaf Type,Bottle Refill Tap,drinking_fountains
-37.78205389103602,144.95697021635434,Historic or Heritage fountains / Royal Park,,drinking_fountains
