address,latitude,created date,longitude,organisation,classification,name,category
"Intersection of Swanston Street and Flinders Lane approximately 22m SW of Melbourne Metro Rail Authority, 214 Flinders Lane, Melbourne, 3000",-37.81642362550678,1993,144.96706152142454,City of Melbourne,Sculpture,Beyond the Ocean of Existence,artworks
"Malthouse Plaza approximately 33m NW of CitiPower, Electres 4542PR, 75 Dodds Street, Southbank, 3006",-37.82607139191802,1980,144.96773271682704,City of Melbourne,Sculpture,Vault,artworks
"Gordon Reserve approximately 44m West of Department of Treasury and Finance, 1 Macarthur Street, East Melbourne, 3002",-37.81243425403014,c1870,144.97395547173446,City of Melbourne,Sculpture,Stanford Fountain,artworks
Buluk Park,-37.820624039208646,2014,144.9409520071531,City of Melbourne,Sculpture,Shadow Trees,artworks
"Fitzroy Gardens approximately 34m SW of The Pavilion, Fitzroy Gardens, Wellington Parade, East Melbourne, 3002",-37.81340997178163,1934,144.98110223857506,City of Melbourne,Sculpture,Fairies Tree,artworks
University Square,-37.80153947884793,1911,144.96022724856095,City of Melbourne,Memorials,Thomas Ferguson Memorial Drinking Fountain,artworks
"Fitzroy Gardens approximately 70m East of Toilet Fitzroy Gardens, 2 Lansdowne Street, East Melbourne, 3002",-37.8139538628485,1933,144.97857743610945,City of Melbourne,Sculpture,Statue of Meditation,artworks
Kings Domain,-37.82530980334813,1995,144.97159425832896,City of Melbourne,Sculpture,Sir Edward ''''''''Weary'''''''' Dunlop,artworks
"Southbank Promenade approximately 46m East of LwrGround, Southbank Promenade, Southbank, 3006",-37.819968338442905,1992,144.9659517158149,,Sculpture,Ophelia,artworks
"Russell Street between Little Collins Street and Bourke Street approximately 15m West of Brioche by Philip, Shop 1, Ground, 114 Russell Street, Melbourne, 3000",-37.81369576317149,1996,144.96851299989842,City of Melbourne,Sculpture,Ceremony and Vehicle for Conveying Spirit,artworks
"Approximately 9m SE of Noel Robinson Architects, 52 River Esplanade, Docklands, 3008",-37.82433720574863,2003,144.94761915571905,VicUrban,Unknown,HeartLand,artworks
"Cafe L'Incontro approximately 4m East of 134 Swanston Street, Melbourne, 3000",-37.814398382430774,1994,144.9662509187985,City of Melbourne,Sculpture,Time and Tide,artworks
"Exhibition Building & Melbourne Museum approximately 47m SE of Sacred Heart, 169 Rathdowne Street, Carlton, 3053",-37.80314275282813,2001,144.96987438289304,,Sculpture,Grollo Fountain,artworks
"Intersection of Bourke Street and Swanston Street approximately 32m West of Boost Juice, 172 Swanston Street, Melbourne, 3000",-37.813685401940035,1993,144.9655744954389,City of Melbourne,Sculpture,"Three Businessmen Who Brought Their Own Lunch: Batman, Swanston & Hoddle",artworks
"Victoria Point approximately 29m NE of Bendigo And Adelaide Bank, 108 Harbour Esplanade, Docklands, 3008",-37.818010565097374,2005,144.94683073925555,VicUrban,Sculpture,Poise,artworks
"City Baths approximately 27m North of Poolhouse Coffee, 6 Franklin Street, Melbourne, 3000",-37.80699393814314,1995,144.96305396149538,City of Melbourne,Sculpture,Koorie Mural,artworks
"Exhibition Building & Melbourne Museum approximately 61m West of Royal Exhibition Building, 9 Nicholson Street, Carlton, 3053",-37.80490093345887,c1880,144.97284986251543,City of Melbourne,Sculpture,French Fountain,artworks
"Approximately 38m East of Lucas Real Estate (MLJV Pty Ltd), 62 River Esplanade, Docklands, 3008",-37.8249065499163,Various,144.94742694404235,VicUrban,Illustrations,Photo Art Billboard,artworks
Queen Victoria Gardens,-37.821109293482905,,144.96967311696216,City of Melbourne,Sculpture,Farnex Hercules,artworks
"Macarthur Square approximately 30m North of 71 Macarthur Place South, Carlton, 3053",-37.798257825618585,1915,144.97056462844986,City of Melbourne,Memorials,William Ievers (Jnr) Memorial Drinking Fountain,artworks
"Queen Victoria Market approximately 7m West of Joe Leuzzi Flowers, Kiosk, 90 Therry Street, Melbourne, 3000",-37.80745242967464,1994,144.95830671628437,City of Melbourne,Sculpture,Passage,artworks
"Intersection of Bourke Street and Swanston Street approximately 28m SE of Strandbags, Gnd, Bmt & Lvl 1, 179-183 Swanston Street, Melbourne, 3000",-37.81353704463541,1993,144.9656409310818,City of Melbourne,Sculpture,Weathervanes,artworks
"Yarra Park approximately 46m South of GRA, 110 Jolimont Road, East Melbourne, 3002",-37.818409101326395,1938,144.9788554339231,City of Melbourne,Memorials,Brunton Drinking Fountain West,artworks
"Approximately 10m South of 30 Buncle Street, North Melbourne, 3051",-37.7949352206982,1995,144.9403407552676,City of Melbourne,Sculpture,Hotham Hill Seat,artworks
"Southbank Promenade approximately 55m SE of Sandridge Rail Bridge, Southbank, 3006",-37.82061839181149,2010,144.9631284056871,City of Melbourne,Sculpture,"World Within, World Without (Forgotten Australians)",artworks
Queen Victoria Gardens,-37.8221241231269,c1970,144.9706619741479,City of Melbourne,Sculpture,Water Children,artworks
"Fitzroy Gardens approximately 53m South of 1 Eades Street, East Melbourne, 3002",-37.81041672287849,1862,144.98088242316877,City of Melbourne,Sculpture,River God Fountain,artworks
"Harbour Esplanade between Bourke Street and La Trobe Street approximately 25m West of De Gusto, 768B Bourke Street, Docklands, 3008",-37.81869383024415,2005,144.94685633758888,City of Melbourne,Sculpture,Aurora,artworks
"The Innovation Building approximately 52m East of NBN, Ground & Lvls 1-2 & 4, 192 Harbour Esplanade, Docklands, 3008",-37.8142734273307,2007,144.94546323616404,,Sculpture,Field of Play,artworks
"Newquay Promenade approximately 20m NE of All Smiles, 55B Newquay Promenade, Docklands, 3008",-37.81510709421359,2002,144.9415465168603,City of Melbourne,Sculpture,Silence,artworks
"Gordon Reserve approximately 56m SW of Department of Treasury and Finance, 1 Macarthur Street, East Melbourne, 3002",-37.81272601232133,1887,144.97394249758733,City of Melbourne,Sculpture,General Charles Gordon Memorial,artworks
Eight Hour Reserve,-37.807154994347236,1900-03,144.96558836214078,City of Melbourne,Sculpture,Eight Hour Day Memorial,artworks
Queen Victoria Gardens,-37.8224051515098,1912,144.97064348351407,City of Melbourne,Memorials,Children''''s Lake Waterfall,artworks
"Royal Park approximately 92m NW of 198 The Avenue, Parkville, 3052",-37.78205004489441,1936,144.95696668881737,City of Melbourne,Memorials,Elliot Drinking Fountain,artworks
"Fitzroy Gardens approximately 54m NE of The Pavilion, Fitzroy Gardens, Wellington Parade, East Melbourne, 3002",-37.812809654572156,1873,144.98173585576174,City of Melbourne,Sculpture,Temple of the Winds,artworks
"Burston Reserve approximately 23m NE of Tram Shelter, 11 Macarthur Street, East Melbourne, 3002",-37.811529640687034,2008,144.97517029157777,City of Melbourne,Sculpture,Great Petition,artworks
Birrarung Marr,-37.818954244841606,1988,144.97295915208258,National Gallery of Victoria,Sculpture,Angel,artworks
"Approximately 30m NE of CitiPower, Substation 5, Macpherson Street, Carlton North, 3054",-37.785591277837064,1939,144.96931421689305,City of Melbourne,Memorials,R.J. & F.G.J. Hardy Memorial Drinking Fountain,artworks
Queen Victoria Gardens,-37.82267180354106,1920,144.97098824977132,City of Melbourne,Sculpture,King Edward VII Memorial,artworks
"Queensbridge Square approximately 34m South of Signal, Northbank, Flinders Walk, Melbourne, 3000",-37.81980563381243,2007,144.96328536951518,City of Melbourne,Sculpture,Ecophene,artworks
"Royal Park approximately 59m SW of Clunies Ross Reserve, 8 The Avenue, Parkville, 3052",-37.7891381551832,c1900,144.9570537702451,City of Melbourne,Sculpture,James C Roberts Memorial,artworks
"Warun Biik Park approximately 39m SW of 34 Derby Street, Kensington, 3031",-37.79627940870039,2012,144.92687427968494,City of Melbourne,Sculpture,Faces,artworks
"Approximately 84m SW of Melbourne Grammar School, Wadhurst Campus, Melbourne Grammar School, 1 Domain Road, Melbourne, 3004",-37.83339205559024,1903,144.9722466732223,City of Melbourne,Sculpture,Boer War Monument,artworks
Fitzroy Gardens,-37.811888444469155,1982,144.980015837679,City of Melbourne,Sculpture,The Dolphin Fountain,artworks
"Birrarung Marr approximately 23m North of Toilet Birrarung Marr, Batman Avenue, Melbourne, 3000",-37.81810144655276,2013,144.9717599103583,City of Melbourne,Sculpture,Futurescape,artworks
"City Square approximately 16m SW of Three Below, Shop 3, 207 Collins Street, Melbourne, 3000",-37.81609978073489,2002,144.96717855091975,City of Melbourne,Sculpture,Warin the Wombat,artworks
"Federation Square approximately 14m North of Riverland Bar, Vault, 1-9 Princes Walk, Melbourne, 3000",-37.81856096072415,2006,144.96871769443098,Federation Square,Sculpture,Red Centre,artworks
"V1 Village Docklands approximately 4m South of Colebrook Bosson Saunders, 15 Brentani Way, Docklands, 3008",-37.82149344290819,2006,144.9504373092443,VicUrban,Unknown,The Wave,artworks
"Elizabeth Street between Therry Street and Victoria Street approximately 14m West of Activia Hair Fashion, 514A Elizabeth Street, Melbourne, 3000",-37.806629217036544,1901,144.95990887514094,City of Melbourne,Memorials,Duke & Duchess of York Memorial [also known as Temperence],artworks
"Waterview Walk between Bourke Street and Batmans Hill Drive approximately 19m West of Nawab's Palace Dine In, 20 Waterview Walk, Docklands, 3008",-37.819243144249036,2004,144.9472467890078,City of Melbourne,Sculpture,Signature Work,artworks
Kings Domain,-37.82563931949892,1981,144.9767610755197,City of Melbourne,Memorials,Grotto Waterfall,artworks
Kings Domain South,-37.82798784492698,1926,144.97369916788776,City of Melbourne,Sculpture,Nurse Edith Cavell Memorial,artworks
"Argyle Square approximately 63m South of 18 Argyle Place North, Carlton, 3053",-37.8024440893138,2005,144.9658752846091,City of Melbourne,Unknown,Argyle Square Piazza,artworks
"Approximately 9m SE of 30 Buncle Street, North Melbourne, 3051",-37.794904787706386,1995,144.94038350587135,City of Melbourne,Sculpture,Hotham Hill Pavement Inlay,artworks
"Kings Domain approximately 73m East of Faculty Of The VCA & Music, Building 871, 204-234 St Kilda Road, Southbank, 3006",-37.82424172908065,2002,144.97098228796784,City of Melbourne,Memorials,Victoria Police Memorial,artworks
"Kings Domain approximately 92m NE of Faculty Of The VCA & Music, Building 871, 204-234 St Kilda Road, Southbank, 3006",-37.82354894212269,1981,144.97082755442526,City of Melbourne,Sculpture,Walker Fountain,artworks
"Kings Domain approximately 94m East of City of Melbourne, Kings Domain, Alexandra Avenue, Melbourne, 3004",-37.825371742115266,1999,144.9759001606588,City of Melbourne,Sculpture,Tilly Aston Bell,artworks
"Shrine of Remembrance Reserve approximately 93m NW of The Gardens Shop, Gardens Shop, 100 Birdwood Avenue, Melbourne, 3004",-37.8294820320636,1935,144.9738584859447,City of Melbourne,Sculpture,Man with the Donkey (aka Private John Simpson and his Little Donkey),artworks
"Council House 2 approximately 10m NW of Swensk, Shop 1, 230 Little Collins Street, Melbourne, 3000",-37.814157002700625,2006,144.96673361826416,City of Melbourne,Sculpture,CH2 Rooftop Landscape,artworks
"Flagstaff Gardens approximately 82m NE of Haileybury City, Basement , Ground & Level 1-9, 383 King Street, West Melbourne, 3003",-37.81069512351951,1950,144.953685866683,City of Melbourne,Sculpture,Separation Memorial,artworks
Queen Victoria Gardens,-37.82105938009447,,144.969757416659,City of Melbourne,Sculpture,Apollo Belvedere,artworks
Queen Victoria Gardens,-37.821240390015305,c1936,144.97076945357304,City of Melbourne,Memorials,Domed Drinking Fountain,artworks
Alexandra Park,-37.819570574442366,1974,144.97182443644516,City of Melbourne,Memorials,Black Swan Memorial Drinking Fountain,artworks
Parliament Reserve,-37.81002307787697,c2007,144.97364211216924,City of Melbourne,Sculpture,Pastor Sir Doug Nicholls and Lady Gladys Nicholls,artworks
"Fitzroy Gardens approximately 54m NW of Grandpa Giuseppe, Ground, 158 Clarendon Street, East Melbourne, 3002",-37.811543500644426,1863,144.9829508862324,City of Melbourne,Memorials,Grey Street Fountain,artworks
Queen Victoria Gardens,-37.82148770181237,1973,144.9711947232973,City of Melbourne,Sculpture,The Genie,artworks
Channel 7 Melbourne Broad Cast Centre,-37.81569486070456,2000,144.9462026449502,VicUrban,Sculpture,Art Wall,artworks
"National@Docklands approximately 64m North of National Australia Bank, 808 Bourke Street, Docklands, 3008",-37.818843311029966,2006,144.94506762996465,VicUrban,Sculpture,Aqualung,artworks
,-37.78930375418185,1938,144.97217890820102,City of Melbourne,Memorials,Brunton Drinking Fountain East,artworks
"Franklin Street between Victoria Street and Swanston Street approximately 38m SW of Royal Melbourne Institute Of Technology, 80-92 Victoria Street, Carlton, 3053",-37.80700265749862,2016,144.9645692680851,City of Melbourne,Sculpture,Standing by Tunnerminnerwait and Maulboyheenner,artworks
"Federation Square approximately 42m North of Deakin Edge Theatre at Fed Square, Deakin Edge, Federation Square, 2 Swanston Street, Melbourne, 3000",-37.817969059842106,2003,144.96906199923544,Federation Square,Unknown,Nearamnew,artworks
"Shrine of Remembrance Reserve approximately 42m SW of The Gardens Shop, Gardens Shop, 100 Birdwood Avenue, Melbourne, 3004",-37.83028190715433,1998,144.9743398250947,City of Melbourne,Sculpture,Widow and Children,artworks
Hardy Reserve,-37.78528747283689,1910,144.96619001850792,City of Melbourne,Memorials,Councillor William Cook Memorial Drinking Fountain,artworks
"Footscray Road between Dock Link Road and Sims Street approximately 62m East of 717 Footscray Road, West Melbourne, 3003",-37.8067376454504,1941,144.90868793767592,City of Melbourne,Sculpture,Port Philip Monument,artworks
"Therry Street between Elizabeth Street and Queen Street approximately 16m North of Rear, 93 Therry Street, Melbourne, 3000",-37.80725189160194,1995,144.95923056581196,City of Melbourne,Sculpture,Wind Contrivance,artworks
"Fitzroy Gardens approximately 55m SE of Maintenance Sheds, St Patricks Cathedral, 7 Lansdowne Street, East Melbourne, 3002",-37.811023513897744,1978-1979,144.9783891748421,City of Melbourne,Sculpture,People''''''''s Path,artworks
Fitzroy Gardens,-37.81212180360231,c1900,144.97970323398684,City of Melbourne,Sculpture,Boy and Urn,artworks
"Victoria Market Reserve approximately 22m West of Complex Training Academy, Gnd & Mezz, 400 Queen Street, Melbourne, 3000",-37.809326424568866,2003,144.95805722764143,City of Melbourne,Sculpture,Island Wave,artworks
"Enterprize Park approximately 54m South of Customs Square, 401 Flinders Street, Melbourne, 3000",-37.82024605773942,1996,144.96066253110223,City of Melbourne,Sculpture,Constellation,artworks
"Flagstaff Gardens approximately 46m South of City of Melbourne, Flagstaff Gardens Tennis Courts, Flagstaff Gardens, 311 William Street, West Melbourne, 3003",-37.81031620582498,,144.9549375102993,City of Melbourne,Horology,Sundial,artworks
"Exhibition Building & Melbourne Museum approximately 96m West of Royal Exhibition Building, 9 Nicholson Street, Carlton, 3053",-37.80474430914415,1914,144.97245207113764,City of Melbourne,Sculpture,Dr Louis Smith,artworks
"City Square approximately 11m SW of Dior, 209 Collins Street, Melbourne, 3000",-37.815522370963386,2000,144.96699434684948,City of Melbourne,Sculpture,John Mockridge Fountain,artworks
"Shrine of Remembrance Reserve approximately 71m North of Melbourne Grammar School, Wadhurst Campus, Melbourne Grammar School, 1 Domain Road, Melbourne, 3004",-37.8323774586129,1934,144.9729342609244,City of Melbourne,Memorials,Macpherson Robertson Fountain,artworks
"Kings Domain South approximately 36m NW of The Gardens Shop, Gardens Shop, 100 Birdwood Avenue, Melbourne, 3004",-37.82975546446717,1965,144.97441978122478,City of Melbourne,Sculpture,Edward George Honey Memorial,artworks
"150 Collins Street approximately 6m West of Victorian Chamber Of Commerce And Industry, Ground, Pt Lvl 2 & Level 3, 150 Collins Street, Melbourne, 3000",-37.814805087629836,1995,144.96838103517445,City of Melbourne,Sculpture,Another View Site 17,artworks
"Fitzroy Gardens approximately 41m NW of Holy Trinity Anglican Church, 72-80 Clarendon Street, East Melbourne, 3002",-37.81384199949477,1936,144.98275871683995,City of Melbourne,Sculpture,Mermaid and Fish,artworks
"Bourke Street between Russell Street and Swanston Street approximately 12m West of Vodafone, Shop 1-3, Ground, 255-267 Bourke Street, Melbourne, 3000",-37.813524890597556,1998,144.96591286716105,City of Melbourne,Sculpture,Electric Supply Box D,artworks
"City Square approximately 11m South of Three Below, Shop 3, 207 Collins Street, Melbourne, 3000",-37.81613995849352,2000,144.9673081996758,City of Melbourne,Sculpture,Looking Glass,artworks
"Approximately 29m NW of 43 Wurundjeri Way, Docklands, 3008",-37.81960598167001,2003,144.9513254111904,VicUrban,Unknown,Parallax,artworks
Flinders & Spencer Street Reserve,-37.82090066454161,2013,144.95469275536306,City of Melbourne,,Raising the Rattler Pole,artworks
Carlton Gardens South,-37.80545677024263,1880,144.97136832705928,City of Melbourne,Sculpture,Exhibition Fountain,artworks
"Docklands Park approximately 71m East of 72 Geographe Street, Docklands, 3008",-37.82023232968245,2004,144.94632509501722,City of Melbourne,Sculpture,Reed Vessel,artworks
"Exhibition Building & Melbourne Museum approximately 28m South of Royal Exhibition Building, 9 Nicholson Street, Carlton, 3053",-37.80509129697919,c1888,144.97341733159385,City of Melbourne,Memorials,Westgarth Drinking Fountain,artworks
"Approximately 46m NW of 74 Canning Street, North Melbourne, 3051",-37.79535266830282,1995,144.9406873459674,City of Melbourne,Sculpture,Bird Panels,artworks
"Lincoln Square approximately 51m NW of Yahveh Asian Grocery, 600 Swanston Street, Carlton, 3053",-37.802484110270704,2003,144.9632428416034,City of Melbourne,Sculpture,Bali Memorial,artworks
"Swanston Street between Flinders Lane and Collins Street approximately 25m NW of A Prickly Affair, City Pillar, 74 Swanston Street, Melbourne, 3000",-37.81563369944254,1865,144.96670400596955,City of Melbourne,Sculpture,Burke and Wills Monument,artworks
"Life Lab approximately 9m NE of NBN, Ground & Lvls 1-2 & 4, 192 Harbour Esplanade, Docklands, 3008",-37.81430288960753,2008,144.94495681027365,VicUrban,Sculpture,Colony,artworks
Chinatown Plaza,-37.81114211029683,2011,144.96928691505966,,Sculpture,Dr Sun Yat Sen,artworks
"Council House approximately 13m NE of Up There, 208 Little Collins Street, Melbourne, 3000",-37.81405489268127,1970,144.96733869785558,City of Melbourne,Sculpture,Australia Today and Tomorrow,artworks
"Birrarung Marr approximately 97m South of Birrarung Marr, Batman Avenue, Melbourne, 3000",-37.81891097559535,1936,144.97302122652613,City of Melbourne,Memorials,Stapley Memorial Drinking Fountain,artworks
"Royal Park approximately 26m SW of Mar Thoma Syrian Church Australia, 149 Royal Parade, Parkville, 3052",-37.791550224794335,1925,144.95808647651077,City of Melbourne,Memorials,Parkville Diggers Memorial (WWI Memorial),artworks
"Newquay Central approximately 56m North of Almina @ Docklands, 106 Newquay Promenade, Docklands, 3008",-37.81528506774349,2006,144.9387694921899,VicUrban,Sculpture,Walk of Stars,artworks
"St Kilda Road between Southbank Boulevard and Grant Street approximately 67m North of Faculty Of The VCA & Music, Building 871, 204-234 St Kilda Road, Southbank, 3006",-37.823612183804784,1908,144.97041853309003,,Sculpture,Edmund FitzGibbon Memorial,artworks
"Costco approximately 92m North of Nando's, Ground, 1 Star Circus, Docklands, 3008",-37.8113298032748,2009,144.93795521998828,VicUrban,Sculpture,Heavy Metal Jam Session,artworks
Queen Victoria Gardens,-37.822028087763435,1974,144.97035525342713,City of Melbourne,Sculpture,The Pathfinder,artworks
"Digital Drive approximately 64m NW of O-Bento, Shop 2, Ground, 990 La Trobe Street, Docklands, 3008",-37.81394408497868,2012,144.94655537163678,,Unknown,Structure of Vortices,artworks
Sidney Myer Music Bowl,-37.824013514390046,1964,144.97415155124347,City of Melbourne,Sculpture,Miraggio [also known as Seated Figure],artworks
"Swanston Street between Little Lonsdale Street and La Trobe Street approximately 49m East of Melbourne Central Station, 183-201 La Trobe Street, Melbourne, 3000",-37.80982754352814,1992,144.9640460882066,City of Melbourne,Sculpture,Architectural Fragment,artworks
Riverside Quay Reserve,-37.82115251478746,1996,144.96423807327005,City of Melbourne,Sculpture,Faultline,artworks
Exhibition Building & Melbourne Museum,-37.80376916863335,1997,144.97213425650625,City of Melbourne,Sculpture,Lie of the Land,artworks
Royal Park,-37.78892811780881,1890,144.95605810687638,City of Melbourne,Sculpture,Burke & Wills Cairn,artworks
"Queensbridge Square approximately 16m NE of Sandridge Rail Bridge, Southbank, 3006",-37.82007937885384,2005,144.96296054938466,City of Melbourne,Sculpture,The Travellers,artworks
Queen Victoria Gardens,-37.822153249778246,1973,144.9709506469274,City of Melbourne,Sculpture,The Phoenix,artworks
"Treasury Gardens approximately 10m East of 2-18 Spring Street, East Melbourne, 3002",-37.8143735830792,1903,144.974719996297,City of Melbourne,Sculpture,Robert Burns Memorial,artworks
"Flagstaff Gardens approximately 38m South of City of Melbourne, Flagstaff Gardens Tennis Courts, Flagstaff Gardens, 311 William Street, West Melbourne, 3003",-37.81026398841038,1930,144.9550390225417,City of Melbourne,Sculpture,The Court Favourite,artworks
"Swanston Street between Little Lonsdale Street and La Trobe Street approximately 31m NE of Unit 1102, 339 Swanston Street, Melbourne, 3000",-37.81009689038864,1992,144.96416511332632,City of Melbourne,Sculpture,Painted Poles 1 [State Library of Victoria],artworks
"Flagstaff Gardens approximately 88m NE of Haileybury City, Basement , Ground & Level 1-9, 383 King Street, West Melbourne, 3003",-37.810801354472574,1871,144.95395452560433,City of Melbourne,Sculpture,Pioneer Monument,artworks
"Lygon Street between Faraday Street and Elgin Street approximately 7m North of Heartattack and Vine, 329 Lygon Street, Carlton, 3053",-37.79759910577447,1981,144.96730652384852,City of Melbourne,Memorials,Dinny O''''Hearn Fountain,artworks
"Queen Victoria Market approximately 20m South of Market Espresso & Trolley Hire, Trolley Hire, Queen Victoria Market, Victoria Street, Melbourne, 3000",-37.80813550681884,1881,144.95764591736565,City of Melbourne,Sculpture,John Batman Memorial,artworks
"Swanston Street between Bourke Street and Little Bourke Street approximately 7m NE of Haigh's Chocolates, Shop 6, 201 Swanston Street, Melbourne, 3000",-37.81295406528951,1992,144.96526492561978,City of Melbourne,Sculpture,Personal Islands,artworks
"Princes Park approximately 93m West of Princes Park Carlton Bowls Club, Princes Park, 109 Bowen Crescent, Carlton North, 3054",-37.77886822107428,1995,144.9611151855207,City of Melbourne,Sculpture,Within Three Worlds,artworks
"Enterprize Park approximately 54m East of Enterprize Park, 469-503 Flinders Street, Melbourne, 3000",-37.82010166444847,2001,144.9594543545535,City of Melbourne,Indigenous,Scar - A Stolen Vision,artworks
"Harbour Esplanade between Bourke Street and La Trobe Street approximately 71m NW of 119-129 Harbour Esplanade, Docklands, 3008",-37.81712234813621,2000,144.9452797351126,City of Melbourne,Sculpture,Cow Up A Tree,artworks
"Caravel Lane between Rakaia Way and Dopel Way approximately 4m NE of Lexy Group, 37 Caravel Lane, Docklands, 3008",-37.81452431106299,2006,144.9406088500888,VicUrban,Unknown,Ned and Dan,artworks
"Fitzroy Gardens approximately 47m NW of Holy Trinity Anglican Church, 72-80 Clarendon Street, East Melbourne, 3002",-37.81376751528837,1936,144.9827717629652,City of Melbourne,Sculpture,Boy and Pelican,artworks
"Jeffcott Street between Spencer Street and King Street approximately 12m North of Committo, Unit 501-502, 7 Jeffcott Street, West Melbourne, 3003",-37.81147505688505,1995,144.95316544392688,City of Melbourne,Sculpture,City Living,artworks
"Intersection of Spring Street and Bourke Street approximately 21m South of Victorian Parliament, 160 Spring Street, East Melbourne, 3002",-37.81129433750379,1994,144.97316901010473,City of Melbourne,Sculpture,Another View Site 1,artworks
"Swanston Street between Collins Street and Little Collins Street approximately 25m NE of Chatime, Shop 7, Ground, 101 Swanston Street, Melbourne, 3000",-37.81510417049893,1992,144.96646930561022,City of Melbourne,Sculpture,Coat of Arms,artworks
Kings Domain,-37.825114779701025,1934,144.97607623602647,City of Melbourne,Memorials,Pioneer Women''''''''s Memorial,artworks
"Fitzroy Gardens approximately 89m NW of City of Melbourne, Sinclairs Cottage, Fitzroy Gardens, Wellington Parade, East Melbourne, 3002",-37.81371709478504,c1933,144.98014070275568,City of Melbourne,Memorials,Waterfall Fountain,artworks
Argyle Square,-37.802834190764166,1915,144.96638556021273,City of Melbourne,Memorials,William Ievers (Snr) Memorial Drinking Fountain,artworks
"Fitzroy Gardens approximately 68m East of Toilet Fitzroy Gardens, 2 Lansdowne Street, East Melbourne, 3002",-37.81407567751222,1975,144.9785602548242,City of Melbourne,Sculpture,Mary Gilbert Memorial,artworks
Railway Viewing Platform,-37.80881692877836,1994,144.94368830128568,City of Melbourne,Sculpture,Railway Viewing Platform,artworks
"Fitzroy Gardens approximately 74m East of Toilet Fitzroy Gardens, 2 Lansdowne Street, East Melbourne, 3002",-37.81387432873141,c1900,144.9785955087628,City of Melbourne,Memorials,Conservatory Fountain,artworks
"Errol Street between Victoria Street and Queensberry Street approximately 3m North of Australian Postal Corporation, Ground, 72-82 Errol Street, North Melbourne, 3051",-37.803341823088594,1877,144.94973917434706,City of Melbourne,Memorials,Henderson Drinking Fountain,artworks
"Epsom Road between Westbourne Road and Smithfield Road approximately 48m North of 2 Coopers Lane, Kensington, 3031",-37.79020534335677,1990-92,144.92393918797248,City of Melbourne,Sculpture,Lynch''''s Bridge Mosaic Mural,artworks
Parliament Reserve,-37.80977063998943,1981,144.97348397026266,City of Melbourne,Memorials,Coles Fountain,artworks
"Kings Domain approximately 93m NE of Marquis of Linlithgow Memorial Reserve, St Kilda Road, Melbourne, 3004",-37.82630110126131,1958,144.97281890582408,City of Melbourne,Sculpture,Sir Thomas Blamey Memorial,artworks
"Russell Street between Little Collins Street and Bourke Street approximately 17m West of Edoya Japanese Restaurant, Ground, 138-144 Russell Street, Melbourne, 3000",-37.81304936449115,1993,144.96821095479558,City of Melbourne,Sculpture,A History Apparatus - Vessel Craft & Beacon,artworks
King & Victoria Street Reserve,-37.805233515414656,1926,144.94868041774336,City of Melbourne,Memorials,North Melbourne War Memorial,artworks
Kings Domain,-37.82427267818169,1952,144.97321342759503,City of Melbourne,Sculpture,King George V Memorial,artworks
Queen Victoria Gardens,-37.82208606658947,1973,144.97181101425943,City of Melbourne,Sculpture,Lake Waterfall,artworks
Queen Victoria Gardens,-37.822335480105195,1913,144.9718353146044,City of Melbourne,Sculpture,Janet Lady Clarke Memorial Sculpture,artworks
"Approximately 37m SE of Macchiato On Collins, Unit 2, Ground, 446-452 Collins Street, Melbourne, 3000",-37.81765977602296,1978,144.95977299962593,City of Melbourne,Sculpture,John Batman Memorial [2],artworks
"Victoria Point approximately 42m NW of Jolie Brows, 758 Bourke Street, Docklands, 3008",-37.81823232301213,2005,144.94744462620787,VicUrban,Sculpture,Anchor,artworks
"Victoria Parade Reserve approximately 24m North of Fire Services Museum Of Victoria, 108-122 Victoria Parade, East Melbourne, 3002",-37.808248962797364,1937,144.9753153437232,City of Melbourne,Memorials,Samuel Mauger Drinking Fountain,artworks
"Collins Street between Spring Street and Exhibition Street approximately 22m SE of The Melbourne Club, 36 Collins Street, Melbourne, 3000",-37.81372573647249,1905,144.97261542256064,City of Melbourne,Sculpture,Sir Samuel Gillott,artworks
Marquis of Linlithgow Memorial Reserve,-37.82666405636878,1911,144.9719166488942,City of Melbourne,Sculpture,Marquis of Linlithgow,artworks
Carlton Gardens South,-37.80580965134325,1965,144.97252879114416,City of Melbourne,Sculpture,Spray Lake,artworks
"NewQuay Promenade approximately 11m South of Pavilion 1, 100 Newquay Promenade, Docklands, 3008",-37.815901938178676,2007,144.93893011222016,City of Melbourne,Sculpture,Meeting 1,artworks
Docklands Park,-37.82186285910264,2005,144.94700936190569,City of Melbourne,Sculpture,Blowhole,artworks
"Approximately 38m NE of 13 Swanston Street, Melbourne, 3000",-37.81696330579109,1925,144.96748759277108,City of Melbourne,Sculpture,Captain Matthew Flinders Statue,artworks
"Birrarung Marr approximately 32m South of Toilet Birrarung Marr, Batman Avenue, Melbourne, 3000",-37.81859572477289,2006,144.97182169813522,City of Melbourne,Indigenous,Birrarung Wilam [Common Ground],artworks
"Swanston Street between Little Lonsdale Street and La Trobe Street approximately 9m SE of Unit 1102, 339 Swanston Street, Melbourne, 3000",-37.810372108766074,1994,144.96407645127653,City of Melbourne,Sculpture,Resting Place,artworks
"Clayton Reserve approximately 36m NE of Footprint Furniture, 11 Boundary Road, North Melbourne, 3051",-37.795663554735185,c1935,144.9389347962098,City of Melbourne,Memorials,Clayton Reserve Drinking Fountain,artworks
"Exhibition Street Reserve approximately 42m East of Madinah Next, 11-17 Victoria Street, Melbourne, 3000",-37.80747037586185,1901,144.96859332734795,City of Melbourne,Memorials,Grant''s Fountain,artworks
"Fitzroy Gardens approximately 28m SW of The Pavilion, Fitzroy Gardens, Wellington Parade, East Melbourne, 3002",-37.81325721271155,1948,144.98101234462126,City of Melbourne,Sculpture,Model Tudor Village,artworks
"Swanston Street between Flinders Lane and Collins Street approximately 8m NW of A Prickly Affair, City Pillar, 74 Swanston Street, Melbourne, 3000",-37.815756293854626,1992,144.96681037690786,City of Melbourne,Sculpture,Painted Poles 2,artworks
"Bellair Street between Macaulay Road and Wight Street approximately 3m SE of Spinifex Cafe, 192 Bellair Street, Kensington, 3031",-37.79405884375063,1996,144.93020538561703,City of Melbourne,Ceramic,Bellair Street Mosaics,artworks
"Intersection of Flinders Street and Queens Bridge approximately 32m West of Customs Square, 401 Flinders Street, Melbourne, 3000",-37.81981971289524,1997,144.96023598489086,City of Melbourne,Sculpture,Blue Line,artworks
"The Avenue between MacArthur Road and Gatehouse Street approximately 28m NE of CitiPower, Substation 22 Rear, 163 Gatehouse Street, Parkville, 3052",-37.79217291379831,1916,144.9580902280125,City of Melbourne,Memorials,George Hawkins Ievers Memorial Drinking Fountain,artworks
Kings Domain South,-37.82721242566816,2001,144.97297393104864,City of Melbourne,Memorials,Australian Hellenic Memorial,artworks
"Princes Park approximately 55m West of Ikon Park, Antenna Ikon Park, Royal Parade, Carlton North, 3054",-37.78366119106134,c1935,144.96000400655757,City of Melbourne,Memorials,Reynold''''s Reserve Drinking Fountain,artworks
Wurundjeri Way between Bourke Street and Flinders Street,-37.82072476624313,2003,144.9523913264332,VicUrban,Sculpture,Eagle,artworks
Alexandra Gardens,-37.8217592722394,c1920,144.9747725916972,City of Melbourne,Memorials,Victorian Rowing Association World War 1 Memorial,artworks
"Fitzroy Gardens approximately 92m West of City of Melbourne, Sinclairs Cottage, Fitzroy Gardens, Wellington Parade, East Melbourne, 3002",-37.81457924729898,1973,144.97949435961337,City of Melbourne,Sculpture,Captain Cook,artworks
Chinatown Plaza,-37.811253732897356,unknown,144.969347694358,City of Melbourne,Sculpture,Tianjin Garden Chinese Lion Guardians,artworks
"Hub@Docklands approximately 36m West of De Asian Flavours, 2A Waterview Walk, Docklands, 3008",-37.820108015038734,2005,144.94791455836793,VicUrban,Sculpture,IOU,artworks
Melbourne Park,-37.81912215786392,2003,144.97407581389808,City of Melbourne,Sculpture,Eel Trap,artworks
"Fitzroy Gardens approximately 72m West of Toilet Opposite, 150 Clarendon Street, East Melbourne, 3002",-37.81182206803026,1864,144.9826570546702,City of Melbourne,Sculpture,Bandstand,artworks
"Birrarung Marr approximately 15m SW of Toilet Birrarung Marr, Batman Avenue, Melbourne, 3000",-37.818422539139505,2008,144.97164501742284,City of Melbourne,Sculpture,Once Upon a Slime,artworks
,-37.78930375418185,1930,144.97217890820102,City of Melbourne,Memorials,Sir William Brunton Drinking Fountain,artworks
"Approximately 6m NE of 88 Australian Wharf, Docklands, 3008",-37.821399856414146,2011,144.94170955070416,City of Melbourne,Sculpture,The River Runs Through It,artworks
"Kangan TAFE approximately 44m SW of Collins Square, 18 Batmans Hill Drive, Docklands, 3008",-37.821740069332854,2006,144.9491420809476,VicUrban,Sculpture,Car Nuggets,artworks
"Kings Domain approximately 80m North of Marquis of Linlithgow Memorial Reserve, St Kilda Road, Melbourne, 3004",-37.82594145408015,1904,144.9718567903399,City of Melbourne,Sculpture,South African War Memorial (Memorial to Fallen Soldiers),artworks
Queen Victoria Gardens,-37.82184118717754,1907,144.9724790217425,City of Melbourne,Sculpture,Queen Victoria Memorial,artworks
"Weedon Reserve approximately 33m South of 10 Wellington Parade, East Melbourne, 3002",-37.81704008332346,1923,144.98958111417957,City of Melbourne,Sculpture,Motorcyclist Harold Parsons Memorial,artworks
"The Arkley approximately 22m West of Aqua Hair Design, Tenancy 12, 15 Saint Mangos Lane, Docklands, 3008",-37.8143592312937,2005,144.94113017903652,VicUrban,Illustrations,Outside Inside Out,artworks
"Approximately 51m West of Oak and Vine, Unit 1R, Ground, 60 Market Street, Melbourne, 3000",-37.817677055142426,1977-79,144.95999529331093,City of Melbourne,Sculpture,John Pascoe Fawkner Memorial,artworks
"Waterview Walk between Bourke Street and Batmans Hill Drive approximately 41m West of Nawab's Palace Dine In, 20 Waterview Walk, Docklands, 3008",-37.8191897005887,2005,144.9469984588285,VicUrban,Sculpture,Continuum,artworks
"Swanston Street between Bourke Street and Little Bourke Street approximately 9m NE of Mdranking Melbourne, 215-217 Swanston Street, Melbourne, 3000",-37.81270567583463,1996,144.96515394995706,City of Melbourne,Sculpture,The Echo,artworks
Kings Domain South,-37.828313799536176,2014,144.97398190437264,City of Melbourne,Sculpture,Australian Turkish Friendship Memorial (Seeds of Friendship),artworks
Kings Domain South,-37.82871122068199,1994,144.9741444132895,City of Melbourne,Memorials,Maltese War Memorial,artworks
Birrarung Marr,-37.820082557142705,1999,144.97571669031538,City of Melbourne,Sculpture,Speakers Corner,artworks
"Treasury Gardens approximately 40m NE of Tigerspike, Ground, Mezzanine & Level 1, 49 Spring Street, Melbourne, 3000",-37.81367295311916,1902,144.9743448588091,City of Melbourne,Sculpture,Sir William John Clarke,artworks
"Fitzroy Gardens approximately 55m West of City of Melbourne, Sinclairs Cottage, Fitzroy Gardens, Wellington Parade, East Melbourne, 3002",-37.81438929428271,c1850,144.97991018542538,City of Melbourne,Sculpture,Boy on a Turtle,artworks
"Treasury Gardens approximately 79m SE of Department Of Education & Early Childhood Developm, Department of Education, 2 Treasury Place, East Melbourne, 3002",-37.81365974522775,1965,144.9763544710972,City of Melbourne,Memorials,John F. Kennedy Memorial,artworks
"Flinders Street between Market Street and William Street approximately 28m SW of Immigration Museum, 400-424 Flinders Street, Melbourne, 3000",-37.81941335748653,1994,144.9601986635865,City of Melbourne,Sculpture,Another View Site 8,artworks
"Gordon Reserve approximately 38m East of Cafe Excello, Ground, 1-3 Little Collins Street, Melbourne, 3000",-37.8123634964432,1931,144.97374510260238,City of Melbourne,Sculpture,Adam Lindsay Gordon Memorial,artworks
"Melbourne Zoological Gardens approximately 80m West of House 1, Melbourne Zoological Gardens, Elliott Avenue, Parkville, 3052",-37.78477297621499,1926,144.95236482989228,City of Melbourne,Sculpture,Peter Pan,artworks
Queen Victoria Gardens,-37.82220980420751,1925,144.9713353620987,City of Melbourne,Sculpture,The Water Nymph,artworks
"Bourke Street between Swanston Street and Elizabeth Street approximately 23m NW of Bardot, Shop 3-4, Ground, 351 Bourke Street, Melbourne, 3000",-37.81409769225873,Unveiled 12 September 1994,144.96340079187658,City of Melbourne,Sculpture,The Public Purse,artworks
"Fitzroy Gardens approximately 69m SE of Toilet Fitzroy Gardens, 2 Lansdowne Street, East Melbourne, 3002",-37.814306776660544,1940,144.9784994254141,City of Melbourne,Sculpture,Diana and the Hounds,artworks
"Etihad Stadium approximately 80m South of Peppers Docklands Hotel, 681 La Trobe Street, Docklands, 3008",-37.815324425802274,1999,144.94707294769273,VicUrban,Sculpture,Threaded Field,artworks
"Newquay Promenade approximately 5m SE of Monument Park at NewQuay, Monument Park, 21 Newquay Promenade, Docklands, 3008",-37.8142715063488,2014,144.94320071567864,City of Melbourne,Sculpture,Monument Park,artworks
"Treasury Gardens approximately 33m NE of Taxi Services Commission, Lower Ground & Level 24-25, 1 Spring Street, Melbourne, 3000",-37.81502994395132,c1890,144.97493152226934,City of Melbourne,Sculpture,Horse Hitching Post,artworks
Queen Victoria Gardens,-37.82239149972142,2013,144.97029065221597,City of Melbourne,Sculpture,Frog,artworks
Birrarung Marr,-37.8186665820053,2002,144.97410019862608,City of Melbourne,Sculpture,Federation Bells,artworks
"J J Holland Park approximately 51m SW of Kensington Community Recreation Centre, Kensington Community Centre, 111 Altona Street, Kensington, 3031",-37.79662907585139,2006,144.924306747344,City of Melbourne,Sculpture,Commonwealth Games Aquatic Sculptures - Eels,artworks
"Royal Park approximately 66m SE of Monaro, 5 Southgate Street, Parkville, 3052",-37.78958485485513,2013,144.94300677170517,City of Melbourne,Sculpture,Fruition,artworks
Royal Park,-37.782561322013,1995,144.95329393076508,City of Melbourne,Sculpture,Zoo Paving,artworks
"Kings Domain approximately 79m East of Marquis of Linlithgow Memorial Reserve, St Kilda Road, Melbourne, 3004",-37.826773338974526,1950,144.972752128938,City of Melbourne,Sculpture,Sir John Monash,artworks
"13 Harbour Esplanade, DOCKLANDS",-37.8220182164578,2005,144.946871022845,Beveridge Williams Surveyors,Art,Blowhole,artworks
"200 Little Collins Street, MELBOURNE",-37.8140548689972,1864,144.96733868317,City of Melbourne,Art,Bandstand,artworks
"Birrarung Marr, MELBOURNE",-37.8186738864394,2002,144.974167165492,City of Melbourne,Art,Federation Bells,artworks
"98 Swanston Street, MELBOURNE",-37.8151582937289,1992,144.966495940551,City of Melbourne,Art,Coat of Arms,artworks
"208 St Kilda Road, SOUTHBANK",-37.8236122113264,1908,144.970418561306,City of Melbourne,Monument,Edmund Fitzgibbon Memorial,artworks
"687 La Trobe Street, DOCKLANDS",-37.8153623400158,1999,144.946876084269,VicUrban (Docklands),Art,Threaded Field,artworks
"44 Swanston Street, MELBOURNE",-37.8164236569551,1993,144.967061542145,City of Melbourne,Art,Beyond the Ocean of Existence,artworks
"102 Swanston Street, MELBOURNE",-37.815081401373,1992,144.966458869013,City of Melbourne,Art,Coat of Arms,artworks
"348 Bourke Street, MELBOURNE",-37.8140976855607,1994,144.963400769342,City of Melbourne,Art,The Public Purse,artworks
"15 Harbour Esplanade, DOCKLANDS",-37.8218628257359,2005,144.947009412249,Beveridge Williams Surveyors,Art,Blowhole,artworks
"Old Observatory Site, Birdwood Avenue, MELBOURNE",-37.8297554405406,1965,144.974419726206,City of Melbourne,Monument,Edward George Honey Memorial,artworks
"443 Collins Street, MELBOURNE",-37.8176597509552,1978,144.959772957148,City of Melbourne,Monument,John Batman Memorial (2),artworks
"55B Newquay Promenade, DOCKLANDS",-37.8150960305524,2003,144.941483193022,VicUrban (Docklands),Art,Silence,artworks
"55B Newquay Promenade, DOCKLANDS",-37.8151070586048,2003,144.941546516146,VicUrban (Docklands),Art,Silence,artworks
"11 Old Poplar Road, PARKVILLE",-37.7825613531513,1995,144.953293881649,City of Melbourne,Art,Zoo Paving,artworks
"Birrarung Marr, Batman Avenue, MELBOURNE",-37.8189109575006,1936,144.973021274734,City of Melbourne,Monument,Stapley Memorial Drinking Fountain,artworks
"173 Swanston Street, MELBOURNE",-37.8136854004532,1993,144.965574539781,City of Melbourne,Art,Three Businessmen Who Brought Their Own Lunch,artworks
"Queen Victoria Gardens, St Kilda Road, MELBOURNE",-37.822086065767,1973,144.971811018826,City of Melbourne,Art,Lake Waterfall,artworks
"684 Park Street, CARLTON NORTH",-37.7788722549869,1995,144.961103719498,City of Melbourne,Art,Within Three Worlds,artworks
"Enterprize Park, MELBOURNE",-37.8200765201921,2001,144.959699691425,City of Melbourne,Art,Scar - A Stolen Vision,artworks
"18 Spring Street, EAST MELBOURNE",-37.8136729461963,1902,144.97434487547,City of Melbourne,Monument,Sir William John Clarke,artworks
"5 Jeffcott Street, WEST MELBOURNE",-37.8114750198729,1995,144.953165492089,City of Melbourne,Art,City Living,artworks
"114 Russell Street, MELBOURNE",-37.8136957980367,1996,144.968513035861,City of Melbourne,Art,Ceremony and Vehicle for Conveying Spirit,artworks
"Queen Victoria Gardens, St Kilda Road, MELBOURNE",-37.8221241223436,c. 1970,144.970661980986,City of Melbourne,Art,Water Children,artworks
"Enterprize Park, MELBOURNE",-37.8200614090425,2001,144.959718171092,City of Melbourne,Art,Scar - A Stolen Vision,artworks
"Enterprize Park, MELBOURNE",-37.8200953335,2001,144.959704036718,City of Melbourne,Art,Scar - A Stolen Vision,artworks
"74 Spring Street, EAST MELBOURNE",-37.8127260372375,1887,144.973942531552,City of Melbourne,Monument,General Charles Gordon Memorial,artworks
"Enterprize Park, MELBOURNE",-37.8200830248455,2001,144.959725218101,City of Melbourne,Art,Scar - A Stolen Vision,artworks
"Enterprize Park, MELBOURNE",-37.8201002457889,2001,144.959733080966,City of Melbourne,Art,Scar - A Stolen Vision,artworks
"Enterprize Park, MELBOURNE",-37.8200785738744,2001,144.959627380846,City of Melbourne,Art,Scar - A Stolen Vision,artworks
"684 Park Street, CARLTON NORTH",-37.7789311799623,1995,144.961158146237,City of Melbourne,Art,Within Three Worlds,artworks
"88 Spring Street, EAST MELBOURNE",-37.8124342889143,c. 1870,144.973955482708,City of Melbourne,Fountain,Stanford Fountain,artworks
"262 St Kilda Road, SOUTHBANK",-37.8263011410214,1960,144.972818912121,City of Melbourne,Monument,Sir Thomas Blamey Memorial,artworks
"335 Swanston Street, MELBOURNE",-37.8103720817164,1994,144.964076502567,City of Melbourne,Art,Resting Place,artworks
"147 Russell Street, MELBOURNE",-37.8130493620338,1993,144.968210969062,City of Melbourne,Art,"A History Apparatus - Vessel, Craft & Beacon",artworks
"154 Collins Street, MELBOURNE",-37.8148051249324,1994-1995,144.968381003481,City of Melbourne,Art,"Another View, Site 17",artworks
"422 Flinders Street, MELBOURNE",-37.8194133196692,1994,144.960198717453,City of Melbourne,Art,"Another View, Site 8",artworks
"96 Harbour Esplanade, DOCKLANDS",-37.8186937927645,2005,144.946856332947,Qasco,Art,Aurora,artworks
"15 Victoria Harbour Promenade, DOCKLANDS",-37.8188433297473,2006,144.945067618085,VicUrban (Docklands),Art,Aqualung,artworks
"152 Clarendon Street, EAST MELBOURNE",-37.8118220481066,1970,144.982657048965,City of Melbourne,Art,Australia Today and Tomorrow,artworks
"324 Swanston Street, MELBOURNE",-37.8098275629139,1992,144.96404608881,City of Melbourne,Art,Architectural Fragment,artworks
"80 Rathdowne Street, CARLTON",-37.7982578658973,1916,144.970564664826,City of Melbourne,Monument,William Ievers Junior Memorial Drinking Fountain,artworks
"254 St Kilda Road, SOUTHBANK",-37.8259414951225,1904,144.971856818756,City of Melbourne,Monument,South African War Memorial,artworks
"6 The Avenue, PARKVILLE",-37.7889280817664,1890,144.956058081184,City of Melbourne,Monument,Burke and Wills Cairn,artworks
"Birrarung Marr, MELBOURNE",-37.8186610069437,2002,144.97413082954,City of Melbourne,Art,Federation Bells,artworks
"41 Caravel Lane, DOCKLANDS",-37.81464277494,2006,144.940402722846,VicUrban (Docklands),Art,Ned and Dan,artworks
"52 River Esplanade, DOCKLANDS",-37.8243371974094,2003,144.947619116755,VicUrban (Docklands),Art,HeartLand,artworks
"698 Collins Street, DOCKLANDS",-37.8198227493892,2003,144.951104886543,VicUrban (Docklands),Art,Feng Shui,artworks
"353 Exhibition Street, MELBOURNE",-37.8074703867589,1901,144.968593306036,City of Melbourne,Fountain,Grant's Fountain,artworks
"IMAX Theatre, Rathdowne Street, CARLTON",-37.8037692024891,1997,144.972134286246,City of Melbourne,Art,Lie of the Land,artworks
"Enterprize Park, MELBOURNE",-37.8201003379632,2001,144.959547579868,City of Melbourne,Art,Scar - A Stolen Vision,artworks
"Enterprize Park, MELBOURNE",-37.8201540531024,2001,144.959283942501,City of Melbourne,Art,Scar - A Stolen Vision,artworks
"162 Clarendon Street, EAST MELBOURNE",-37.8115435409616,1863,144.982950898766,City of Melbourne,Fountain,Grey Street Fountain,artworks
"152 Collins Street, MELBOURNE",-37.8147653368517,1981,144.968373912562,City of Melbourne,Fountain,Georges Fountain,artworks
"4 Lansdowne Street, EAST MELBOURNE",-37.8110235407409,1978-1979,144.978389216138,City of Melbourne,Art,People's Path,artworks
"50 Newquay Promenade, DOCKLANDS",-37.8150603527985,2003,144.941593770341,VicUrban (Docklands),Art,Silence,artworks
"55B Newquay Promenade, DOCKLANDS",-37.8151593795233,2003,144.941509412449,VicUrban (Docklands),Art,Silence,artworks
"110 Victoria Parade, EAST MELBOURNE",-37.8082489459354,1937,144.975315385075,City of Melbourne,Monument,Samuel Mauger Drinking Fountain,artworks
"10 Spring Street, EAST MELBOURNE",-37.814373582353,1903,144.974720032667,City of Melbourne,Monument,Robert Burns Memorial,artworks
"219 Swanston Street, MELBOURNE",-37.812705684744,1996,144.965153944033,City of Melbourne,Art,The Echo,artworks
"55B Newquay Promenade, DOCKLANDS",-37.8150877523684,2003,144.941573967784,VicUrban (Docklands),Art,Silence,artworks
"55B Newquay Promenade, DOCKLANDS",-37.81508276715,2003,144.941482783904,VicUrban (Docklands),Art,Silence,artworks
"50 Newquay Promenade, DOCKLANDS",-37.8150528491189,2003,144.94158776112,VicUrban (Docklands),Art,Silence,artworks
"45 Newquay Promenade, DOCKLANDS",-37.8151131017782,2003,144.941629273114,VicUrban (Docklands),Art,Silence,artworks
"Birrarung Marr, MELBOURNE",-37.818595693813,2006,144.971821646868,City of Melbourne,Art,Birrarung Wilam,artworks
"Cook's Cottage, Fitzroy Gardens, 274 Wellington Parade, EAST MELBOURNE",-37.8143892616922,c. 1850,144.979910150531,City of Melbourne,Art,Boy on a Turtle,artworks
"4 Lansdowne Street, EAST MELBOURNE",-37.8121217645873,unknown,144.97970321858,City of Melbourne,Fountain,Boy and Urn,artworks
"Birrarung Marr, MELBOURNE",-37.8187023628084,2002,144.974201916576,City of Melbourne,Art,Federation Bells,artworks
"184 Swanston Street, MELBOURNE",-37.8134422577685,1993,144.965689009116,City of Melbourne,Art,Weathervanes,artworks
"Conservatory, Fitzroy Gardens, 274 Wellington Parade, EAST MELBOURNE",-37.8138743431045,c. 1900,144.978595506099,City of Melbourne,Fountain,Conservatory Fountain,artworks
"469 Flinders Street, MELBOURNE",-37.8202999349125,1996,144.960534464342,City of Melbourne,Art,Constellation,artworks
"Royal Mail House, cnr Bourke & Swanston Sts, MELBOURNE",-37.8136024551412,2008,144.965808885624,City of Melbourne,Art,Maxims of Behaviour,artworks
"Enterprize Park, MELBOURNE",-37.82012299082,2001,144.959360068025,City of Melbourne,Art,Scar - A Stolen Vision,artworks
"13 Harbour Esplanade, DOCKLANDS",-37.8219853561923,2005,144.946774675143,Beveridge Williams Surveyors,Art,Blowhole,artworks
"242 St Kilda Road, SOUTHBANK",-37.8253098347073,1995,144.971594300075,City of Melbourne,Monument,"Sir Edward ""Weary"" Dunlop",artworks
"684 Park Street, CARLTON NORTH",-37.7788627462445,1995,144.961112677408,City of Melbourne,Art,Within Three Worlds,artworks
"156 Harbour Esplanade, DOCKLANDS",-37.8158205285983,2000,144.946136474106,VicUrban (Docklands),Art,Art Wall,artworks
"160 Harbour Esplanade, DOCKLANDS",-37.8156948270259,2000,144.946202651563,VicUrban (Docklands),Art,Art Wall,artworks
"9 Waterview Walk, DOCKLANDS",-37.8200830017644,2005,144.947894374833,Beveridge Williams Surveyors,Art,IOU,artworks
"4 Lansdowne Street, EAST MELBOURNE",-37.8118884344659,1982,144.980015806146,City of Melbourne,Fountain,Dolphin Fountain,artworks
"22 Wurundjeri Way, DOCKLANDS",-37.8207247436456,2003,144.952391322514,VicUrban (Docklands),Art,Eagle,artworks
"512 Elizabeth Street, MELBOURNE",-37.806629256046,1901,144.959908916093,City of Melbourne,Monument,Duke and Duchess of York Memorial,artworks
"178 Swanston Street, MELBOURNE",-37.8135755457342,1993,144.965751391423,City of Melbourne,Art,Weathervanes,artworks
"271 Bourke Street, MELBOURNE",-37.8136266014549,1993,144.965579210749,City of Melbourne,Art,Weathervanes,artworks
"27 Caravel Lane, DOCKLANDS",-37.814359230579,2006,144.941130138162,VicUrban (Docklands),Art,Outside Inside Out,artworks
"Cook's Cottage, Fitzroy Gardens, 274 Wellington Parade, EAST MELBOURNE",-37.8132572520671,1948,144.981012379899,City of Melbourne,Art,Model Tudor Village,artworks
"Kensington Community Recreation Centre, KENSINGTON",-37.7966290593729,2006,144.924306764698,City of Melbourne,Art,Commonwealth Games Aquatic Sculptures - Eels,artworks
"439 Queen Street, MELBOURNE",-37.8081354860573,unknown,144.957645863417,City of Melbourne,Monument,John Batman Memorial (1),artworks
"Shrine Of Remembrance Reserve, St Kilda Road, MELBOURNE",-37.8294820404839,1935,144.973858477761,City of Melbourne,Monument,Man with the Donkey,artworks
"Cohen Pl, CHINATOWN",-37.8112537359422,unknown,144.969347727216,City of Melbourne,Art,Chinese Lion Guardians,artworks
"Enterprize Park, MELBOURNE",-37.8202194220305,2001,144.959168439493,City of Melbourne,Art,Scar - A Stolen Vision,artworks
"Queen Victoria Gardens, St Kilda Road, MELBOURNE",-37.8226717982934,1920,144.970988232874,City of Melbourne,Monument,King Edward VII Memorial,artworks
"252 Little Collins Street, MELBOURNE",-37.8143983948935,1994,144.96625088381,City of Melbourne,Art,Time and Tide,artworks
"Birrarung Marr, MELBOURNE",-37.8191221824373,2003,144.97407578866,City of Melbourne,Art,Eel Trap,artworks
"268 St Kilda Road, SOUTHBANK",-37.8266640358872,1911,144.971916610826,City of Melbourne,Monument,Marquis of Linlithgow,artworks
"47 Wurundjeri Way, DOCKLANDS",-37.8196059887556,2002,144.951325455868,VicUrban (Docklands),Art,Parrallax,artworks
"Birrarung Marr, MELBOURNE",-37.8186666064737,2002,144.974100167285,City of Melbourne,Art,Federation Bells,artworks
"Enterprize Park, MELBOURNE",-37.8200950553396,2001,144.95952896712,City of Melbourne,Art,Scar - A Stolen Vision,artworks
"15 Batmans Hill Drive, DOCKLANDS",-37.8217401147159,2006,144.949142099572,Qasco,Art,Car Nuggets,artworks
"Enterprize Park, MELBOURNE",-37.820084055671,2001,144.959593881825,City of Melbourne,Art,Scar - A Stolen Vision,artworks
"517 Albert Street, EAST MELBOURNE",-37.8097706189194,1981,144.973483976518,City of Melbourne,Fountain,Coles Fountain,artworks
"Alexandra Gardens, St Kilda Road, MELBOURNE",-37.8195705617737,1974,144.971824407255,City of Melbourne,Monument,Black Swan Memorial Drinking Fountain,artworks
"Birrarung Marr, MELBOURNE",-37.8186973319473,2002,144.974158800684,City of Melbourne,Art,Federation Bells,artworks
"Birrarung Marr, MELBOURNE",-37.8186882333343,2002,144.974128540287,City of Melbourne,Art,Federation Bells,artworks
"104 Swanston Street, MELBOURNE",-37.8150481212229,1992,144.966444170774,City of Melbourne,Art,Coat of Arms,artworks
"Birrarung Marr, MELBOURNE",-37.8187157253887,2002,144.974141691478,City of Melbourne,Art,Federation Bells,artworks
"12 Georgiana Street, DOCKLANDS",-37.821493403054,2006,144.950437271721,VicUrban (Docklands),Art,The Wave,artworks
"Cook's Cottage, Fitzroy Gardens, 274 Wellington Parade, EAST MELBOURNE",-37.8145792919449,1973,144.979494361804,City of Melbourne,Monument,Captain Cook,artworks
"Birrarung Marr, MELBOURNE",-37.8187628091159,2002,144.974136155999,City of Melbourne,Art,Federation Bells,artworks
"Queen Victoria Gardens, St Kilda Road, MELBOURNE",-37.8221532701427,1973,144.97095067818,City of Melbourne,Art,The Phoenix,artworks
"Conservatory, Fitzroy Gardens, 274 Wellington Parade, EAST MELBOURNE",-37.813953837555,1933,144.978577485077,City of Melbourne,Art,Statue of Meditation,artworks
"37 Collins Street, MELBOURNE",-37.8137257454688,1905,144.972615474,City of Melbourne,Art,Bust of Sir Samuel Gillott,artworks
"Birrarung Marr, MELBOURNE",-37.8187404835153,2002,144.974102781582,City of Melbourne,Art,Federation Bells,artworks
266 Macpherson Street,-37.7852874613137,1910,144.966190055728,City of Melbourne,Monument,Councillor William Cook Memorial Drinking Fountain,artworks
"Kings Domain, Alexandra Avenue, MELBOURNE",-37.8242726516388,1952,144.973213430025,City of Melbourne,Monument,King George V,artworks
"685 La Trobe Street, DOCKLANDS",-37.815324414746,1999,144.9470729338,VicUrban (Docklands),Art,Threaded Field,artworks
"683 La Trobe Street, DOCKLANDS",-37.8152785788316,1999,144.947248109473,VicUrban (Docklands),Art,Threaded Field,artworks
"88 Clarendon Street, EAST MELBOURNE",-37.8134099807547,1934,144.98110228888,City of Melbourne,Art,Fairies Tree,artworks
"395 King Street, WEST MELBOURNE",-37.810801327848,1871,144.953954497374,City of Melbourne,Monument,Pioneer Monument,artworks
"394 William Street, MELBOURNE",-37.81026401562,unknown,144.955039032582,City of Melbourne,Art,The Court Favourite,artworks
"399 Russell Street, MELBOURNE",-37.8071550195592,1900-1903,144.965588387005,City of Melbourne,Monument,Eight Hour Day Memorial,artworks
"Birrarung Marr, MELBOURNE",-37.8185922758306,2006,144.971796362269,City of Melbourne,Art,Birrarung Wilam,artworks
"Birrarung Marr, MELBOURNE",-37.8185872210924,2006,144.971784281509,City of Melbourne,Art,Birrarung Wilam,artworks
46 Nicholson Street,-37.8058096647951,1965,144.972528813493,City of Melbourne,Fountain,Spray Lake,artworks
"155 Lygon Street, CARLTON",-37.8028341939653,1915,144.966385536842,City of Melbourne,Monument,William Ievers Senior Memorial Drinking Fountain,artworks
"Lincoln Square, Swanston Street, CARLTON",-37.8024840905196,2003,144.963242826387,City of Melbourne,Fountain,Bali Memorial,artworks
"152 Spring Street, EAST MELBOURNE",-37.8112942929369,1994,144.973168986334,City of Melbourne,Art,"Another View, Site 1",artworks
"90 St Kilda Road, SOUTHBANK",-37.8210593434182,unknown,144.969757432433,City of Melbourne,Art,Apollo Belvedere,artworks
"760 Bourke Street, DOCKLANDS",-37.8182323264616,2005,144.947444643152,Qasco,Art,Anchor,artworks
"Kings Domain, Birdwood Ave, MELBOURNE",-37.8272124550956,2001,144.972973880253,City of Melbourne,Monument,Australian Hellenic War Memorial,artworks
"64 Therry Street, MELBOURNE",-37.8072519167223,1995,144.959230533317,City of Melbourne,Art,Wind Contrivance,artworks
"51 Grant Street, SOUTHBANK",-37.8260714214476,1980,144.967732756918,City of Melbourne,Art,Vault,artworks
76 Canning Street,-37.7949047942895,1995,144.940383521588,City of Melbourne,Art,Hotham Hill Paving Inlay,artworks
"15 Harbour Esplanade, DOCKLANDS",-37.8219335169736,2005,144.946938744265,Beveridge Williams Surveyors,Art,Blowhole,artworks
"Enterprize Park, MELBOURNE",-37.820149525359,2001,144.959318134551,City of Melbourne,Art,Scar - A Stolen Vision,artworks
"76 Errol Street, NORTH MELBOURNE",-37.8033418056724,1877,144.949739183347,City of Melbourne,Art,Henderson Drinking Fountain,artworks
"125 Harbour Esplanade, DOCKLANDS",-37.8176052348949,2003,144.945539402201,AAMHatch,Art,Shoal Fly By,artworks
"215 Collins Street, MELBOURNE",-37.8155485668529,1992 and 1996,144.966892078324,City of Melbourne,Art,Larry LaTrobe,artworks
"17 Waterview Walk, DOCKLANDS",-37.8191896959513,2005,144.946998425444,Beveridge Williams Surveyors,Art,Continuum,artworks
"45 Newquay Promenade, DOCKLANDS",-37.8151113421446,2003,144.941618390681,VicUrban (Docklands),Art,Silence,artworks
"55B Newquay Promenade, DOCKLANDS",-37.8151345502614,2003,144.941464635494,VicUrban (Docklands),Art,Silence,artworks
"684 Park Street, CARLTON NORTH",-37.7788688464994,1995,144.961128357193,City of Melbourne,Art,Within Three Worlds,artworks
"9 Nicholson Street, CARLTON",-37.8047443111517,1914,144.972452056885,City of Melbourne,Monument,Bust of Dr Louis Smith,artworks
"469 Flinders Street, MELBOURNE",-37.8202715915496,1996,144.960597777255,City of Melbourne,Art,Constellation,artworks
"469 Flinders Street, MELBOURNE",-37.8202460956887,1996,144.960662536874,City of Melbourne,Art,Constellation,artworks
"469 Flinders Street, MELBOURNE",-37.8202185496201,1996,144.96072531937,City of Melbourne,Art,Constellation,artworks
"10 Wellington Parade, EAST MELBOURNE",-37.8170400389729,1923,144.989581102887,City of Melbourne,Monument,Motorcycle,artworks
"78 Swanston Street, MELBOURNE",-37.815760994936,1992,144.966773537312,City of Melbourne,Art,Painted Poles,artworks
"Sidney Myer Music Bowl, Alexandra Avenue, MELBOURNE",-37.8240134693642,1964,144.974151500782,City of Melbourne,Art,Miraggio,artworks
"Kings Domain, Alexandra Avenue, MELBOURNE",-37.8256393190193,1981,144.976761073829,City of Melbourne,Art,Grotto Waterfall,artworks
"84 Clarendon Street, EAST MELBOURNE",-37.8137675376712,1936,144.982771754404,City of Melbourne,Art,Boy and Pelican,artworks
"Birrarung Marr, MELBOURNE",-37.8187182202074,2002,144.974179856228,City of Melbourne,Art,Federation Bells,artworks
"147 Royal Parade, PARKVILLE",-37.7921729538839,1916,144.958090253028,City of Melbourne,Monument,George Hawkins Ievers Memorial Drinking Fountain,artworks
"Enterprize Park, MELBOURNE",-37.8201736797154,2001,144.959200268537,City of Melbourne,Art,Scar - A Stolen Vision,artworks
"7 Waterview Walk, DOCKLANDS",-37.820112083979,2005,144.947923460104,Beveridge Williams Surveyors,Art,IOU,artworks
"21 Rakaia Way, DOCKLANDS",-37.8146994633064,2006,144.940838425061,VicUrban (Docklands),Art,Ned and Dan,artworks
"16 Doepel Way, DOCKLANDS",-37.8148030334672,2006,144.940223820648,VicUrban (Docklands),Art,Ned and Dan,artworks
"37 Caravel Lane, DOCKLANDS",-37.81452427966,2006,144.940608832218,VicUrban (Docklands),Art,Ned and Dan,artworks
"Conservatory, Fitzroy Gardens, 274 Wellington Parade, EAST MELBOURNE",-37.8143067586398,1940,144.978499373084,City of Melbourne,Art,Diana and the Hounds,artworks
"62 Therry Street, MELBOURNE",-37.8072067768463,1996,144.959271667297,City of Melbourne,Art,Dairy Hall Window,artworks
"Queen Victoria Gardens, St Kilda Road, MELBOURNE",-37.8212404231762,,144.970769495267,City of Melbourne,Art,Domed Drinking Fountain,artworks
"270 Bourke Street, MELBOURNE",-37.8134883855915,1993,144.965515931433,City of Melbourne,Art,Weathervanes,artworks
"Conservatory, Fitzroy Gardens, 274 Wellington Parade, EAST MELBOURNE",-37.8140756651063,1975,144.97856026709,City of Melbourne,Monument,Mary Gilbert Memorial,artworks
"Parliament Gardens, EAST MELBOURNE",-37.8100230422747,2007,144.973642124927,City of Melbourne,Monument,Pastor Sir Doug and Lady Gladys Nicholls,artworks
"Enterprize Park, MELBOURNE",-37.820097951228,2001,144.959505265904,City of Melbourne,Art,Scar - A Stolen Vision,artworks
"322 Swanston Street, MELBOURNE",-37.8099325911658,1992,144.964088812819,City of Melbourne,Art,Painted Poles,artworks
"308 Swanston Street, MELBOURNE",-37.810347145096,1992,144.964280610813,City of Melbourne,Art,Painted Poles,artworks
"Enterprize Park, MELBOURNE",-37.8201609405995,2001,144.95922840946,City of Melbourne,Art,Scar - A Stolen Vision,artworks
"Enterprize Park, MELBOURNE",-37.8200541369817,2001,144.959680160075,City of Melbourne,Art,Scar - A Stolen Vision,artworks
"437 Collins Street, MELBOURNE",-37.8176770967418,1978,144.959995275694,City of Melbourne,Monument,John Pascoe Fawkner,artworks
"435 Docklands Drive, DOCKLANDS",-37.8152456579572,2006,144.938853960352,Beveridge Williams Surveyors,Art,Walk of Stars,artworks
"56 Lorimer Street, DOCKLANDS",-37.8249065059188,various,144.947426953214,VicUrban (Docklands),Art,Photo art billboard,artworks
"Enterprize Park, MELBOURNE",-37.8201167536871,2001,144.959381777078,City of Melbourne,Art,Scar - A Stolen Vision,artworks
"90 Railway Place, WEST MELBOURNE",-37.8088169283775,1994,144.943688304136,City of Melbourne,Art,Railway Viewing Platform,artworks
463 Lygon Street,-37.7855912646095,1939,144.96931423372,City of Melbourne,Monument,R.J. & F.G.J. Hardy Memorial Drinking Fountain,artworks
"Residence, Alexandra Gardens, Alexandra Avenue, MELBOURNE",-37.8218411817137,1907,144.972479044613,City of Melbourne,Monument,Queen Victoria Memorial,artworks
"96 Spring Street, EAST MELBOURNE",-37.8123635338167,1931,144.97374504876,City of Melbourne,Monument,Adam Lindsay Gordan Memorial,artworks
"331 Lygon Street, CARLTON",-37.7975991142625,1981,144.967306467399,City of Melbourne,Fountain,Dinny O'Hearn Fountain,artworks
"9 Nicholson Street, CARLTON",-37.8050913081625,c. 1888,144.973417274498,City of Melbourne,Art,Westgarth Drinking Fountain,artworks
"Kings Domain, Alexandra Avenue, MELBOURNE",-37.8251147378564,1934,144.976076213311,City of Melbourne,Monument,Pioneer Women's Memorial,artworks
"78 Swanston Street, MELBOURNE",-37.8157410618987,1992,144.966836246828,City of Melbourne,Art,Painted Poles,artworks
Birrarung Marr,-37.8189542313538,1988,144.972959186532,Owned by National Gallery of Victoria,Art,Angel,artworks
"178 Sims Street, WEST MELBOURNE",-37.8056957854241,1941,144.907291041632,City of Melbourne,Art,Port Phillip Monument,artworks
76 Canning Street,-37.7953526839703,1995,144.940687314302,City of Melbourne,Art,Bird Panels,artworks
"15 Harbour Esplanade, DOCKLANDS",-37.8219107218802,2005,144.946765134735,Beveridge Williams Surveyors,Art,Blowhole,artworks
"687 La Trobe Street, DOCKLANDS",-37.8155239604994,1999,144.946828976445,VicUrban (Docklands),Art,Threaded Field,artworks
"157 Wurundjeri Way, DOCKLANDS",-37.8152979137773,1999,144.947771877035,VicUrban (Docklands),Art,Threaded Field,artworks
"15 Harbour Esplanade, DOCKLANDS",-37.8219308131053,2005,144.946798545611,Beveridge Williams Surveyors,Art,Blowhole,artworks
"135 Harbour Esplanade, DOCKLANDS",-37.8171223164672,2000,144.945279753599,AAMHatch,Art,Cow Up A Tree,artworks
"100 Swanston Street, MELBOURNE",-37.8151225543656,1992,144.966479473485,City of Melbourne,Art,Coat of Arms,artworks
"Birrarung Marr, MELBOURNE",-37.8187207058813,2002,144.974110660022,City of Melbourne,Art,Federation Bells,artworks
"179 Leicester Street, CARLTON",-37.8015394618203,1912,144.960227228018,City of Melbourne,Monument,Thomas Ferguson Memorial Drinking Fountain,artworks
"Queen Victoria Gardens, St Kilda Road, MELBOURNE",-37.8222098236425,1925,144.971335339413,City of Melbourne,Art,The Water Nymph,artworks
"15 Harbour Esplanade, DOCKLANDS",-37.8219524131263,2005,144.946745954515,Beveridge Williams Surveyors,Art,Blowhole,artworks
"Birrarung Marr, MELBOURNE",-37.8187508719706,2002,144.974172398306,City of Melbourne,Art,Federation Bells,artworks
"401 King Street, WEST MELBOURNE",-37.810695135969,1950,144.953685908935,City of Melbourne,Monument,Separation Memorial,artworks
"13 Harbour Esplanade, DOCKLANDS",-37.8219554500409,2005,144.947041997573,Beveridge Williams Surveyors,Art,Blowhole,artworks
"Kings Domain, Alexandra Avenue, MELBOURNE",-37.8253717117323,1999,144.975900201821,City of Melbourne,Monument,Tilly Aston Bell,artworks
"55B Newquay Promenade, DOCKLANDS",-37.815142895306,2003,144.941571658474,VicUrban (Docklands),Art,Silence,artworks
"Birrarung Marr, MELBOURNE",-37.8187745168339,2002,144.974175613725,City of Melbourne,Art,Federation Bells,artworks
"Queen Victoria Gardens, St Kilda Road, MELBOURNE",-37.8220280738117,1974,144.970355228248,City of Melbourne,Art,The Pathfinder,artworks
"392 William Street, MELBOURNE",-37.8103161768399,unknown,144.954937553695,City of Melbourne,Art,Sundial,artworks
"689 La Trobe Street, DOCKLANDS",-37.8154836225539,1999,144.946712125445,VicUrban (Docklands),Art,Threaded Field,artworks
"241 Macaulay Road, NORTH MELBOURNE",-37.7956635739188,1935,144.938934811008,City of Melbourne,Fountain,Clayton Reserve Drinking Fountain,artworks
"90 St Kilda Road, SOUTHBANK",-37.8211093204271,1780,144.969673137809,City of Melbourne,Art,Farnex Hercules,artworks
"City Square, Collins St, MELBOURNE",-37.8155224156707,c. 2000,144.966994359113,City of Melbourne,Fountain,Mockridge Fountain,artworks
"Enterprize Park, MELBOURNE",-37.820111630197,2001,144.959404150284,City of Melbourne,Art,Scar - A Stolen Vision,artworks
"2 Spring Street, EAST MELBOURNE",-37.8150299769363,c. 1900,144.974931527616,City of Melbourne,Art,Horse Hitching Post,artworks
"22 Waterview Walk, DOCKLANDS",-37.8192431329106,2004,144.947246784778,Beveridge Williams Surveyors,Art,Signature Work,artworks
"Epsom Road Underpass, KENSINGTON",-37.7902053576258,1998,144.92393918587,City of Melbourne,Art,Lynch's Bridge Mosaic Mural,artworks
"Lincoln Square, Swanston Street, CARLTON",-37.8024246248361,2003,144.963256124373,City of Melbourne,Fountain,Bali Memorial,artworks
"67 Harbour Esplanade, DOCKLANDS",-37.8202323424168,2002,144.946325127609,VicUrban (Docklands),Art,Reed Vessel,artworks
"84 Swanston Street, MELBOURNE",-37.8156337321238,1865,144.966703993713,City of Melbourne,Monument,Burke and Wills Monument,artworks
"Melbourne Zoological Gardens, Elliott Avenue, PARKVILLE",-37.784773009033,1925,144.95236482558,City of Melbourne,Art,Peter Pan,artworks
"9 Nicholson Street, CARLTON",-37.805456726498,1880,144.971368298725,City of Melbourne,Fountain,Exhibition Fountain,artworks
"304 Albert Street, EAST MELBOURNE",-37.8104167138709,1862,144.980882423414,City of Melbourne,Fountain,River God Fountain,artworks
"Princes Park, Royal Parade, CARLTON NORTH",-37.7836612081103,c. 1935,144.960004054347,City of Melbourne,Art,Reynold's Reserve Drinking Fountain,artworks
"30 Swanston Street, MELBOURNE",-37.8169633123315,1923,144.967487606224,City of Melbourne,Monument,Captain Matthew Flinders Statue,artworks
"4 The Avenue, PARKVILLE",-37.7891381500076,unknown,144.957053809565,City of Melbourne,Monument,James C. Roberts,artworks
"160 Harbour Esplanade, DOCKLANDS",-37.8155779391708,2000,144.946321235909,VicUrban (Docklands),Art,Art Wall,artworks
"Enterprize Park, MELBOURNE",-37.8202412036118,2001,144.959153249799,City of Melbourne,Art,Scar - A Stolen Vision,artworks
"92 Therry Street, MELBOURNE",-37.8074524440917,1994,144.958306664206,City of Melbourne,Monument,Passage,artworks
"169 Rathdowne Street, CARLTON",-37.8031427973572,2001,144.969874326021,City of Melbourne,Fountain,Grollo Fountain,artworks
"50 Newquay Promenade, DOCKLANDS",-37.8150519675867,2003,144.941598936717,VicUrban (Docklands),Art,Silence,artworks
"55B Newquay Promenade, DOCKLANDS",-37.8150889597275,2003,144.941472613193,VicUrban (Docklands),Art,Silence,artworks
"8 Riverside Quay, SOUTHBANK",-37.8211525582271,1996,144.964238031747,City of Melbourne,Art,Fault Line,artworks
"Queen Victoria Gardens, St Kilda Road, MELBOURNE",-37.8214877401729,1973,144.971194700662,City of Melbourne,Art,The Genie,artworks
"Birrarung Marr, MELBOURNE",-37.8185907034456,2006,144.971834942502,City of Melbourne,Art,Birrarung Wilam,artworks
"Birrarung Marr, MELBOURNE",-37.8185954753426,2006,144.971808963839,City of Melbourne,Art,Birrarung Wilam,artworks
"750 Bourke Street, DOCKLANDS",-37.8179724438437,1999,144.947887016093,VicUrban (Docklands),Art,Threaded Field,artworks
"399 Flinders Street, MELBOURNE",-37.8201898206677,1996,144.960789659507,City of Melbourne,Art,Constellation,artworks
"Birrarung Marr, MELBOURNE",-37.8200825876335,c. 2000,144.975716740604,City of Melbourne,Art,Speakers Corner,artworks
"Enterprize Park, MELBOURNE",-37.8201325090472,2001,144.959336879083,City of Melbourne,Art,Scar - A Stolen Vision,artworks
"Enterprize Park, MELBOURNE",-37.8200555636082,2001,144.959698879153,City of Melbourne,Art,Scar - A Stolen Vision,artworks
"50 Swanston Street, MELBOURNE",-37.8162685331984,1992,144.967006461765,City of Melbourne,Art,Painted Poles,artworks
"201 Swanston Street, MELBOURNE",-37.8129540664935,1992,144.965264917067,City of Melbourne,Art,Personal Islands,artworks
"116 Clarendon Street, EAST MELBOURNE",-37.8128096374869,1873,144.981735857931,City of Melbourne,Art,Temple of the Winds,artworks
"Birrarung Marr, MELBOURNE",-37.8185914278651,2006,144.971866175309,City of Melbourne,Art,Birrarung Wilam,artworks
"Queen Victoria Gardens, St Kilda Road, MELBOURNE",-37.8223354912272,1913,144.971835332477,City of Melbourne,Monument,Lady Janet Clarke Memorial,artworks
"20 Doepel Way, DOCKLANDS",-37.8149351757693,2006,144.940308036389,VicUrban (Docklands),Art,Ned and Dan,artworks
"9 Nicholson Street, CARLTON",-37.8049009757854,c. 1880,144.972849834667,City of Melbourne,Fountain,French Fountain,artworks
"Enterprize Park, MELBOURNE",-37.8201019944052,2001,144.959452353426,City of Melbourne,Art,Scar - A Stolen Vision,artworks
76 Canning Street,-37.7949351874639,,144.940340735749,City of Melbourne,Art,Hotham Hill Seat,artworks
"7 Waterview Walk, DOCKLANDS",-37.8201338075104,2005,144.947948917363,Beveridge Williams Surveyors,Art,IOU,artworks
"Enterprize Park, MELBOURNE",-37.8201043033663,2001,144.959426584028,City of Melbourne,Art,Scar - A Stolen Vision,artworks
"294 St Kilda Road, SOUTHBANK",-37.8279878719975,1926,144.973699196119,City of Melbourne,Monument,Nurse Edith Cavell,artworks
"210 St Kilda Road, SOUTHBANK",-37.8235489328706,1981,144.970827540478,City of Melbourne,Fountain,Walker Fountain,artworks
"50 River Esplanade, DOCKLANDS",-37.8239756487966,2003,144.947233077573,VicUrban (Docklands),Art,Webb Bridge,artworks
"Sandridge Bridge, SOUTHBANK",-37.8206998343058,2005,144.962209921997,City of Melbourne,Art,The Travellers,artworks
"110 Harbour Esplanade, DOCKLANDS",-37.8180105674976,2005,144.946830696021,Qasco,Art,Poise,artworks
"2 Domain Road, MELBOURNE",-37.8323774569183,1934,144.972934293353,City of Melbourne,Fountain,Macpherson Robertson Fountain,artworks
"404 Queen Street, MELBOURNE",-37.809326383142,2003,144.958057203226,City of Melbourne,Art,Island Wave,artworks
"435 Docklands Drive, DOCKLANDS",-37.8152982442351,2006,144.938823236515,Beveridge Williams Surveyors,Art,Walk of Stars,artworks
"3 Treasury Place, EAST MELBOURNE",-37.8136597830075,1965,144.976354519479,City of Melbourne,Monument,John F. Kennedy Memorial,artworks
"316 Swanston Street, MELBOURNE",-37.8100968762417,1992,144.964165129049,City of Melbourne,Art,Painted Poles,artworks
"Enterprize Park, MELBOURNE",-37.8200608408543,2001,144.959653574985,City of Melbourne,Art,Scar - A Stolen Vision,artworks
"15 Batmans Hill Drive, DOCKLANDS",-37.8217384627114,2006,144.949169769731,Qasco,Art,Car Nuggets,artworks
"15 Batmans Hill Drive, DOCKLANDS",-37.8217244747982,2006,144.949168740276,Qasco,Art,Car Nuggets,artworks
"Enterprize Park, MELBOURNE",-37.8201547396011,2001,144.959252201884,City of Melbourne,Art,Scar - A Stolen Vision,artworks
"270 St Kilda Road, SOUTHBANK",-37.8267733497848,1950,144.97275207638,City of Melbourne,Monument,Sir John Monash,artworks
"Enterprize Park, MELBOURNE",-37.8201046430242,2001,144.959477986287,City of Melbourne,Art,Scar - A Stolen Vision,artworks
