location_id,rating,num_reviews,price_level,cuisine,place_id,name,suburb,delivery,dine_in,reservable,serves_beer,serves_breakfast,serves_brunch,serves_dinner,serves_lunch,serves_vegetarian_food,serves_wine,takeout,rating_trip
804873,4.3,725,3,Italian,ChIJa5rRhNZC1moRL8SAEYrRY4I,Tiamo,Carlton,TRUE,TRUE,TRUE,TRUE,TRUE,TRUE,TRUE,TRUE,TRUE,TRUE,TRUE,4
721640,4.8,1045,3,Italian,ChIJJZA5ACdD1moRxIAdHMr3F4s,Scopri Italian Food and Wine,Carlton,FALSE,TRUE,TRUE,TRUE,FALSE,FALSE,TRUE,TRUE,FALSE,TRUE,TRUE,5
19595748,4.6,13,4,Chinese,ChIJ319l-epD1moRJXzSVfcf1nA,Lagoon Dining,Carlton,TRUE,TRUE,TRUE,TRUE,FALSE,FALSE,TRUE,TRUE,FALSE,TRUE,TRUE,4.5
7697908,3.6,374,3,Italian,ChIJFzRCktZC1moRTHQQmIRcP3M,Criniti's Carlton,Carlton,TRUE,TRUE,TRUE,TRUE,FALSE,TRUE,TRUE,TRUE,TRUE,TRUE,TRUE,3
5043669,4.3,117,3,Italian,ChIJuRAJYc1C1moRK6JyXa-ismI,Kaprica,Carlton,FALSE,TRUE,TRUE,TRUE,FALSE,FALSE,TRUE,TRUE,FALSE,TRUE,TRUE,4
17339315,4.5,23,3,Italian,ChIJpXnV3tdC1moRGzDeeGZK3HA,Capitano Carlton,Carlton,TRUE,TRUE,TRUE,TRUE,FALSE,FALSE,TRUE,TRUE,TRUE,TRUE,TRUE,3.5
3870070,4.4,72,3,Asian,ChIJg68CAtJC1moRXcO-N195rWY,Thai City Restaurant,Carlton,TRUE,TRUE,TRUE,TRUE,FALSE,FALSE,TRUE,TRUE,TRUE,TRUE,TRUE,4.5
723925,3.9,304,3,Italian,ChIJs2_xrtZC1moRD45tnsNnPOs,Copperwood Restaurant,Carlton,FALSE,TRUE,TRUE,TRUE,FALSE,FALSE,TRUE,TRUE,FALSE,TRUE,TRUE,3.5
3534403,4.7,254,4,European,ChIJT5LLMM5C1moRQpzKBTsbS7Q,Epocha Restaurant,Carlton,TRUE,TRUE,TRUE,TRUE,FALSE,FALSE,TRUE,TRUE,TRUE,TRUE,TRUE,4.5
1510853,3.7,529,3,Italian,ChIJG5gufdFC1moR4DDoRmd5L6I,La Spaghettata Restaurant,Carlton,TRUE,TRUE,TRUE,TRUE,TRUE,FALSE,TRUE,TRUE,TRUE,TRUE,TRUE,4
944387,4.4,362,3,Italian,ChIJa2v1BNJC1moR_XGbXwcSoAg,Universal Restaurant,Carlton,TRUE,TRUE,TRUE,TRUE,FALSE,TRUE,TRUE,TRUE,TRUE,TRUE,TRUE,4
728264,4.5,221,3,Asian,ChIJUTD1ldZC1moRIJ1lbzkoFqY,Shakahari,Carlton,FALSE,TRUE,TRUE,TRUE,FALSE,FALSE,TRUE,TRUE,TRUE,TRUE,TRUE,4.5
8473713,4.5,67,3,Italian,ChIJNQdjayhD1moRPWST-1oT4uc,The Olive Jar,Carlton,TRUE,TRUE,TRUE,TRUE,FALSE,FALSE,TRUE,TRUE,TRUE,TRUE,TRUE,4.5
727599,4.5,169,3,French,ChIJz3qT3ddC1moR0e5yjftslXE,Paris Go Bistro,Carlton,TRUE,TRUE,TRUE,TRUE,FALSE,FALSE,TRUE,TRUE,FALSE,TRUE,TRUE,4
738257,4.3,320,3,Australian,ChIJsZZWVtFC1moRX4Cc8oZA-eY,Il Gambero,Carlton,TRUE,TRUE,TRUE,TRUE,FALSE,FALSE,TRUE,TRUE,FALSE,TRUE,TRUE,4
722676,4.4,3240,3,Italian,ChIJ9wudbmFD1moRkIc2AvgJYBQ,THAI 29 RESTAURANT (CARLTON),Carlton,TRUE,TRUE,TRUE,TRUE,FALSE,FALSE,TRUE,TRUE,TRUE,TRUE,TRUE,4.5
2261727,4.7,500,4,Contemporary,ChIJo332KH9D1moRbva-tqavOIY,Kazuki's Restaurant,Carlton,FALSE,TRUE,TRUE,TRUE,FALSE,FALSE,TRUE,TRUE,TRUE,TRUE,FALSE,4.5
7766288,4.6,51,3,Italian,ChIJF5Nlh9ZC1moRDINfpKG1o1o,Heartattack and Vine,Carlton,FALSE,TRUE,TRUE,TRUE,FALSE,FALSE,FALSE,FALSE,FALSE,TRUE,TRUE,4.5
23377841,4.8,12,4,Italian,ChIJYYCx7wND1moRY3QO3Irt8HQ,Al Dente Enoteca Restaurant,Carlton,TRUE,TRUE,TRUE,TRUE,FALSE,FALSE,TRUE,TRUE,FALSE,TRUE,TRUE,5
724284,4.4,294,3,Italian,ChIJOQgKr9ZC1moRDqq5NwQt43Q,Donnini's,Carlton,FALSE,TRUE,TRUE,TRUE,FALSE,FALSE,TRUE,TRUE,FALSE,TRUE,TRUE,4.5
721444,4.4,204,3,Lebanese,ChIJoZhs69dC1moRpdaO5bTABe8,Abla's,Carlton,TRUE,TRUE,TRUE,TRUE,FALSE,FALSE,TRUE,TRUE,FALSE,TRUE,TRUE,4
2523617,4.3,490,3,Italian,ChIJK-sJYNFC1moR6pZQ8fWqHKc,Seasons Provedore,Carlton,TRUE,TRUE,TRUE,TRUE,FALSE,FALSE,TRUE,TRUE,TRUE,TRUE,TRUE,4.5
738181,4.1,728,3,Italian,ChIJWQrHZdFC1moRJf8B9oWuX1Y,Piccolo Mondo,Carlton,TRUE,TRUE,TRUE,TRUE,FALSE,FALSE,TRUE,TRUE,FALSE,TRUE,TRUE,4.5
1227474,4.3,669,3,Italian,ChIJ4_Vc6dZC1moRN1hVYbjEiP8,DOC Pizza & Mozzarella Bar - Carlton,Carlton,TRUE,TRUE,TRUE,TRUE,FALSE,FALSE,TRUE,TRUE,TRUE,TRUE,TRUE,4.5
3820601,4.2,83,3,Italian,ChIJUdJn1tNC1moRuPMhbf96oIk,Stuzzichino Restaurant & Bar,Carlton,TRUE,TRUE,TRUE,TRUE,TRUE,TRUE,TRUE,TRUE,FALSE,TRUE,TRUE,4
8734314,4.5,1077,3,Italian,ChIJJb5IAtJC1moRotUKafEC8ao,Da Guido La Pasta,Carlton,FALSE,TRUE,TRUE,TRUE,FALSE,FALSE,TRUE,TRUE,FALSE,TRUE,TRUE,4.5
10448134,4.6,20,3,Lebanese,ChIJG9I339NC1moRc9yO0aDDCHA,Tabouli,Carlton,TRUE,TRUE,TRUE,TRUE,FALSE,FALSE,TRUE,TRUE,TRUE,TRUE,TRUE,4.5
5106595,4.1,30,3,Italian,ChIJoaITVyVD1moRRc0nZi0ISpg,La Porchetta Carlton North,Carlton,TRUE,TRUE,TRUE,TRUE,FALSE,FALSE,TRUE,TRUE,TRUE,TRUE,TRUE,3.5
17574135,4.5,5,3,Other,ChIJ1ZyRtE1D1moRFf4vU40IRYg,Taquito,Carlton,FALSE,TRUE,TRUE,TRUE,FALSE,FALSE,TRUE,TRUE,TRUE,TRUE,FALSE,5
2285791,4.7,205,3,European,ChIJl1h079ZC1moRvDBPl2x_L5Y,Carlton Wine Room,Carlton,FALSE,TRUE,TRUE,TRUE,FALSE,FALSE,TRUE,TRUE,TRUE,TRUE,FALSE,4.5
23812359,3.4,16,3,Italian,ChIJDb3e0TZD1moR3n7_vJ9sGyg,Di Stasio Carlton,Carlton,TRUE,TRUE,TRUE,TRUE,FALSE,FALSE,TRUE,TRUE,FALSE,TRUE,TRUE,3.5
727080,4.1,113,4,Italian,ChIJ0ZRJ8dZC1moRBEDHtt4HFC8,Masani Italian Dining & Terrace,Carlton,FALSE,TRUE,TRUE,TRUE,FALSE,FALSE,TRUE,TRUE,TRUE,TRUE,FALSE,4
726540,4.6,383,3,Steakhouse,ChIJq3jpXS9D1moR3RVbdfkIqRs,La Luna Bistro,Carlton,FALSE,TRUE,TRUE,TRUE,FALSE,FALSE,TRUE,TRUE,TRUE,TRUE,FALSE,4.5
13490848,4.3,3,3,Pizza,ChIJoUcXFShD1moRvpVaSBcXB1U,Ziyka Restaurant,Carlton,TRUE,TRUE,TRUE,FALSE,FALSE,FALSE,TRUE,TRUE,TRUE,FALSE,TRUE,2.5
944409,4.2,48,3,Chinese,ChIJadVBBddC1moRQ2acccqSVM0,East Imperial,Carlton,TRUE,TRUE,TRUE,TRUE,FALSE,FALSE,TRUE,TRUE,FALSE,TRUE,TRUE,4
13414138,4.5,60,3,Bar,ChIJVwLea9ZC1moR4ktkrL0ASi8,Green Man's Arms Bar and Restaurant,Carlton,FALSE,TRUE,TRUE,TRUE,FALSE,FALSE,TRUE,TRUE,TRUE,TRUE,TRUE,4
7261839,4.4,309,3,Mexican,ChIJk7yyY3FD1moRhHQZ08r9Wnk,La Cabra Mexican,Carlton,TRUE,TRUE,TRUE,TRUE,FALSE,TRUE,TRUE,TRUE,TRUE,TRUE,TRUE,4
6600277,4.5,101,3,Italian,ChIJpx6ZRNZC1moR9uwVZGupXkQ,Gemma Simply Italian,Carlton,TRUE,TRUE,TRUE,TRUE,FALSE,FALSE,TRUE,TRUE,TRUE,TRUE,TRUE,4.5
14018863,4.2,7,3,Italian,ChIJNS3-SNFC1moRSjpFcOCgHgI,Mr Pietro,Carlton,FALSE,TRUE,TRUE,TRUE,FALSE,FALSE,TRUE,TRUE,FALSE,TRUE,TRUE,5
7910519,4.5,49,3,Egyptian,ChIJWWHZ3tNC1moRJGds6OvI02Y,Leyalina,Carlton,TRUE,TRUE,TRUE,TRUE,FALSE,FALSE,TRUE,FALSE,TRUE,TRUE,TRUE,4.5
5106470,4.8,9,1,Asian,ChIJ85nTnFBD1moRabBHwOY8Glk,Okra Sri Lankan Cuisine,Carlton,TRUE,TRUE,FALSE,FALSE,TRUE,TRUE,TRUE,TRUE,TRUE,FALSE,TRUE,4
258070,4.7,17,3,Other,ChIJn8cnAwlD1moRnS74GMQorVs,Cairo Nights Restaurant & Bar,Carlton,TRUE,TRUE,TRUE,TRUE,FALSE,FALSE,TRUE,FALSE,TRUE,TRUE,TRUE,4
15129320,4.6,14,1,Other,ChIJrR356-hD1moR_k3ly1Bt5NY,Khabbay Restaurant,Carlton,TRUE,TRUE,TRUE,FALSE,FALSE,FALSE,TRUE,TRUE,TRUE,FALSE,TRUE,4.5
756522,4.3,463,3,Italian,ChIJU0MiVtFC1moR0ITexL30p4g,Papa Gino's,Carlton,TRUE,TRUE,TRUE,TRUE,FALSE,FALSE,TRUE,TRUE,FALSE,TRUE,TRUE,4
722921,4.1,227,3,Italian,ChIJCx-TVdFC1moRqlEsKzufEU4,Cafe Corretto,Carlton,TRUE,TRUE,TRUE,TRUE,TRUE,TRUE,TRUE,TRUE,FALSE,TRUE,TRUE,4
725818,3.1,189,3,Italian,ChIJzUJtZ9FC1moR29GkS4f4wA4,Il Gusto,Carlton,TRUE,TRUE,TRUE,TRUE,FALSE,FALSE,TRUE,TRUE,FALSE,TRUE,TRUE,3
11707291,4.6,14,3,Bar,ChIJ9ef41tNC1moRt5H3ZbSBYVI,MIXITY Restaurant and Cafe,Carlton,TRUE,TRUE,TRUE,TRUE,FALSE,FALSE,TRUE,TRUE,TRUE,TRUE,TRUE,4.5
2356152,4.1,259,3,Italian,ChIJV1uGYtFC1moRuQ74n9--3dY,Cafe Cavallino,Carlton,FALSE,TRUE,TRUE,TRUE,FALSE,TRUE,TRUE,TRUE,FALSE,TRUE,TRUE,4
14987094,4.4,11,3,Japanese,ChIJGWoQsM5D1moRAhKHKPD1178,Torissong,Carlton,FALSE,TRUE,TRUE,TRUE,TRUE,TRUE,TRUE,TRUE,FALSE,TRUE,TRUE,4.5
24154540,4.8,4,3,Latin,ChIJ7VH3cIlD1moRqKJMYoMFPOo,"La Tonada Restaurant, Cocktail Bar &wine. Spanish paella & Colombian food",Carlton,TRUE,TRUE,TRUE,TRUE,FALSE,TRUE,TRUE,TRUE,FALSE,TRUE,TRUE,4.5
15610982,4.2,25,3,Middle_eastern,ChIJs86AXhpD1moRsSunerOUTfw,Mint & Co.,Carlton,TRUE,TRUE,TRUE,TRUE,TRUE,TRUE,TRUE,TRUE,FALSE,TRUE,TRUE,3.5
10546658,4.5,8,1,Japanese,ChIJXTvTy9NC1moResqUQkLditE,Don Tojo,Carlton,TRUE,TRUE,FALSE,TRUE,FALSE,FALSE,TRUE,TRUE,FALSE,TRUE,TRUE,4.5
21077027,4.7,6,3,Other,ChIJFwfa3hJD1moRkTwSXl6sqX4,Lord Lygon,Carlton,FALSE,TRUE,TRUE,TRUE,FALSE,FALSE,TRUE,TRUE,FALSE,TRUE,FALSE,4.5
20217325,4.6,4,3,Italian,ChIJH03gTahD1moR2mFxHL_kA24,Aperitivo Bar Ristorante,Carlton,FALSE,TRUE,FALSE,TRUE,FALSE,FALSE,TRUE,TRUE,FALSE,TRUE,TRUE,5
12843860,3.9,6,3,Australian,ChIJZ1aWcy5d1moRhUqs_665Tdw,Isabella Cafe,Parkville,FALSE,TRUE,FALSE,FALSE,TRUE,TRUE,FALSE,TRUE,FALSE,FALSE,TRUE,3.5
596243,0,174,1,Other,ChIJp0UPmTFd1moRE-6KpkXJSps,Bistroteca Parkville,Parkville,FALSE,TRUE,TRUE,TRUE,FALSE,FALSE,TRUE,TRUE,FALSE,TRUE,TRUE,3.5
24825350,4.2,5,3,Bar,ChIJRczf8yVd1moR3A-gbWHjBhE,The Farmacy,Parkville,FALSE,TRUE,TRUE,TRUE,TRUE,TRUE,TRUE,TRUE,FALSE,TRUE,TRUE,3
15701699,2.6,2,3,Other,ChIJ8fL2_dBc1moR8QxN0Izki4g,Macaw Takeaway,Parkville,FALSE,TRUE,FALSE,FALSE,FALSE,FALSE,TRUE,TRUE,FALSE,FALSE,TRUE,4
18854251,4.5,0,3,Southernitalian,ChIJeRCeFuhc1moR8POatotWCqc,The Member's Lounge @ Reggio Calabria Club,Parkville,TRUE,TRUE,TRUE,TRUE,FALSE,FALSE,TRUE,TRUE,TRUE,TRUE,TRUE,0
8559717,3.4,3,3,Japanese,ChIJG3Knbi9d1moR6SLoLSqmsig,Shuji Sushi,Parkville,FALSE,TRUE,FALSE,FALSE,FALSE,FALSE,TRUE,TRUE,FALSE,FALSE,TRUE,4
943946,3.9,343,1,Chinese,ChIJ0zWW5CVd1moRqNmEn2r2UCw,Three Pandas Dumpling House,Parkville,TRUE,TRUE,FALSE,FALSE,FALSE,FALSE,TRUE,TRUE,FALSE,FALSE,TRUE,3.5
5287603,4.2,3,3,Other,ChIJDWIfTCtd1moR_OiUxJ6Ynm4,Zambrero Parkville,Parkville,TRUE,TRUE,FALSE,FALSE,FALSE,FALSE,TRUE,TRUE,TRUE,FALSE,TRUE,3.5
6897516,3.9,5,3,Fast_food,ChIJSyRSDzJd1moRtFTFbd9Sku8,McDonald's,Parkville,TRUE,TRUE,FALSE,FALSE,TRUE,FALSE,TRUE,TRUE,TRUE,FALSE,TRUE,4
6818713,2.8,22,1,Asian,ChIJnS5Q8o9D1moRv4p5cEph07M,Roll'd Parkville,Parkville,TRUE,TRUE,FALSE,FALSE,TRUE,FALSE,TRUE,TRUE,TRUE,FALSE,TRUE,3.5
14971302,4.6,10,3,Other,ChIJ8zj2LyRd1moRRdPE82K0t2U,Thyme Square Caf√©,Parkville,TRUE,TRUE,TRUE,FALSE,TRUE,TRUE,FALSE,TRUE,FALSE,FALSE,TRUE,4.5
256557,3.4,6667,3,Other,ChIJizWRdaBd1moRqldQY0qBOjw,Sushi Sushi Melbourne Zoo,Parkville,TRUE,TRUE,FALSE,FALSE,FALSE,FALSE,TRUE,TRUE,FALSE,FALSE,TRUE,4.5
4289703,3.8,141,3,Malaysian,ChIJKZZBzu9D1moRef10MlolYxw,PappaRich Melbourne Uni,Parkville,TRUE,TRUE,FALSE,FALSE,FALSE,FALSE,TRUE,TRUE,FALSE,FALSE,TRUE,4
5092043,4.3,42,3,Asian,ChIJKbx-Pi5d1moRC5HyXzxUfv0,Lanna Thai,Parkville,TRUE,TRUE,TRUE,TRUE,FALSE,FALSE,TRUE,TRUE,FALSE,TRUE,TRUE,4
12495639,4.2,16,3,Cafe,ChIJkdJo8NJc1moR5PR6uu2mNZM,Parkside,Parkville,FALSE,TRUE,FALSE,FALSE,TRUE,TRUE,FALSE,TRUE,TRUE,FALSE,TRUE,4
4095294,4.5,63,1,Other,ChIJKcJ5mCtd1moREh7qP6BA6Cg,Naughtons Hotel,Parkville,FALSE,TRUE,TRUE,TRUE,FALSE,FALSE,FALSE,FALSE,FALSE,TRUE,FALSE,4.5
5868178,4.6,36,1,Other,ChIJ9V_NxSxd1moRs6q3RYpM814,Carte Crepes,Parkville,FALSE,TRUE,FALSE,FALSE,TRUE,TRUE,FALSE,TRUE,FALSE,FALSE,TRUE,3.5
1062448,4.4,966,3,Mediterranean,ChIJ2cJ6gS9d1moRszBoRpEYDpk,Polo Caf√©,Parkville,TRUE,TRUE,TRUE,TRUE,TRUE,FALSE,TRUE,TRUE,FALSE,TRUE,TRUE,4.5
2720761,0,410,3,Healthy,ChIJoXgvEqNd1moRWtbnD2xI6Ro,Healthy Choices Salads & Spuds,Parkville,FALSE,TRUE,FALSE,FALSE,TRUE,FALSE,TRUE,TRUE,TRUE,FALSE,TRUE,4.5
18546450,4.3,0,1,Indian,ChIJe9LnviVd1moReKaaWGULSjI,Royal Kebab Cafe,Parkville,TRUE,TRUE,FALSE,FALSE,FALSE,FALSE,TRUE,TRUE,FALSE,FALSE,TRUE,0
4845693,4.6,45,3,Asian,ChIJ2290PC5d1moRlh5iYJk-9A0,Mum Mum Asian Street Food,Parkville,TRUE,TRUE,TRUE,TRUE,FALSE,FALSE,TRUE,TRUE,TRUE,TRUE,TRUE,4.5
19126555,4.8,7,3,Japanese,ChIJWT2MP21D1moRSrbBc07fl_E,Moonfishh - Melbourne University,Parkville,FALSE,TRUE,FALSE,FALSE,FALSE,FALSE,TRUE,TRUE,FALSE,FALSE,TRUE,4.5
7706807,4.5,1355,3,Italian,ChIJDb-atVJd1moRDOP2H9AgeUI,Cafe Piccolina,Parkville,FALSE,TRUE,FALSE,FALSE,TRUE,TRUE,FALSE,TRUE,FALSE,FALSE,TRUE,4.5
391086,3.5,158,4,French,ChIJkQgB4SVd1moRNfEY9tvhwEM,Parkville Cafe,Parkville,FALSE,TRUE,FALSE,FALSE,TRUE,TRUE,FALSE,TRUE,FALSE,FALSE,TRUE,4.5
23384334,4.5,5,1,Asian,ChIJr3YpXIhd1moRI29vA7Z2c7Q,Gai Wong,Parkville,TRUE,TRUE,TRUE,FALSE,FALSE,FALSE,TRUE,TRUE,FALSE,FALSE,TRUE,4
12819242,4.6,11,3,Pizza,ChIJtdVOIi5d1moRvkK585QpJWc,Eat Pizza,Parkville,TRUE,TRUE,FALSE,FALSE,FALSE,FALSE,TRUE,TRUE,FALSE,FALSE,TRUE,4.5
257676,4.6,397,3,Other,ChIJuUZIPytd1moRjbSpbkrKYXw,University House,Parkville,FALSE,FALSE,FALSE,FALSE,FALSE,FALSE,FALSE,FALSE,FALSE,FALSE,FALSE,4
6688333,0,244,3,Japanese,ChIJC6iOT_1d1moRuZDIln4vAb4,NARUTO Japanese Restaurant(Parkville),Parkville,FALSE,TRUE,TRUE,TRUE,FALSE,FALSE,TRUE,TRUE,FALSE,TRUE,TRUE,4
339794,0,380,3,Chinese,ChIJq6r-syFd1moRMX0EQl1l9l8,Fat,Parkville,TRUE,TRUE,TRUE,FALSE,FALSE,FALSE,TRUE,TRUE,FALSE,FALSE,TRUE,4.5
12791639,4.5,5,1,Thai,ChIJOelfMDtd1moRy04aDfyfE0E,9 Face Thai Cuisine,Parkville,TRUE,TRUE,TRUE,FALSE,FALSE,FALSE,TRUE,TRUE,TRUE,FALSE,TRUE,4.5
738587,4.4,242,3,Italian,ChIJt4ctMupC1moR7Opig3NrfSg,Il Duca,East Melbourne,TRUE,TRUE,TRUE,TRUE,FALSE,FALSE,TRUE,TRUE,TRUE,TRUE,TRUE,4.5
944260,4.7,433,3,Italian,ChIJW5Nn5-tC1moR1KnPe_szKQs,Geppetto Trattoria,East Melbourne,TRUE,TRUE,TRUE,TRUE,FALSE,FALSE,TRUE,TRUE,TRUE,TRUE,TRUE,4.5
5608783,4.6,121,3,Bar,ChIJoQ71_OtC1moREoPyA323sjY,The Tippler & Co.,East Melbourne,FALSE,TRUE,TRUE,TRUE,FALSE,FALSE,TRUE,TRUE,FALSE,TRUE,TRUE,4.5
23030909,4.5,10,4,French,ChIJdfMFMHVD1moRte8-aR1ODjg,Hemingway's Wine Room,East Melbourne,FALSE,TRUE,TRUE,TRUE,FALSE,FALSE,TRUE,TRUE,TRUE,TRUE,FALSE,3
12618815,4.6,35,3,Cafe,ChIJo6MB88BC1moR1v_Nuo7gZrA,Bedggood & Co.,East Melbourne,FALSE,TRUE,FALSE,TRUE,TRUE,TRUE,FALSE,TRUE,TRUE,TRUE,TRUE,4.5
6678468,4.2,42,3,Cafe,ChIJ_wbFyedC1moRXHca2d3Oj-o,Grocery Bar East Melbourne,East Melbourne,TRUE,TRUE,FALSE,TRUE,TRUE,TRUE,TRUE,TRUE,FALSE,TRUE,TRUE,4
20064661,4.7,34,3,Italian,ChIJiWZcQlZD1moReLf1KVvQ98M,Roccella,East Melbourne,TRUE,TRUE,TRUE,TRUE,TRUE,TRUE,TRUE,TRUE,TRUE,TRUE,TRUE,4.5
726246,4.6,276,3,Japanese,ChIJ6ZOWYbdD1moRwHlgVHJwpnU,Pokapoka Japanese Kitchen,East Melbourne,TRUE,TRUE,TRUE,TRUE,FALSE,FALSE,TRUE,TRUE,FALSE,FALSE,TRUE,4.5
3542708,2.3,89,3,Pizza,ChIJ_wbFyedC1moRsgKzQvFcTwc,Tribeca Pizza Pasta Bar,East Melbourne,TRUE,TRUE,TRUE,TRUE,FALSE,TRUE,TRUE,TRUE,FALSE,TRUE,TRUE,2
12816034,3.9,76,3,Mediterranean,ChIJnUqrC-pC1moRSaUlor_B3vs,The Cliveden Bar & Dining,East Melbourne,FALSE,TRUE,TRUE,TRUE,TRUE,TRUE,TRUE,TRUE,TRUE,TRUE,FALSE,4
12368113,3.8,27,3,Indian,ChIJk1ga3utC1moR8KOg_D4H8eQ,Tadka Hut,East Melbourne,TRUE,TRUE,TRUE,TRUE,FALSE,FALSE,TRUE,TRUE,TRUE,TRUE,TRUE,4
10757984,4.1,10,3,Other,ChIJP7G3MupC1moRPWpV_902P0s,The Grey Smith,East Melbourne,TRUE,TRUE,TRUE,TRUE,TRUE,TRUE,FALSE,TRUE,FALSE,TRUE,TRUE,4.5
25196008,4.9,1,3,Fast_food,ChIJg_RW--FD1moRXpWH31SNusE,Mad Patties East Melbourne,East Melbourne,TRUE,TRUE,TRUE,FALSE,FALSE,FALSE,TRUE,TRUE,FALSE,FALSE,TRUE,3
266090,4.5,2878,3,Other,ChIJExrt7-dC1moRWgvD2gf6J50,Square & Compass,East Melbourne,FALSE,TRUE,TRUE,FALSE,TRUE,TRUE,FALSE,TRUE,TRUE,FALSE,TRUE,4
5033706,2.5,14,1,Pizza,ChIJVU77zudC1moRUURo26Nfxdg,Gourmet Pizza Bar,East Melbourne,TRUE,TRUE,TRUE,TRUE,FALSE,FALSE,TRUE,TRUE,FALSE,TRUE,TRUE,3
7100089,2.9,169,3,Other,ChIJ3V3EaxhD1moRa_XSCtPX-L0,Alley Cat,East Melbourne,TRUE,TRUE,TRUE,TRUE,FALSE,FALSE,TRUE,TRUE,FALSE,TRUE,TRUE,4
1063351,0,116,3,Australian,ChIJNyXg4-tC1moRiLWebsUnJZE,Memoria Cafe,East Melbourne,FALSE,TRUE,FALSE,FALSE,FALSE,FALSE,FALSE,TRUE,FALSE,FALSE,TRUE,4
2666658,0,27,3,Other,ChIJn9E83utC1moRDPGMkcqsEYc,Veggies & Vegan!!,East Melbourne,TRUE,TRUE,FALSE,FALSE,FALSE,FALSE,TRUE,TRUE,FALSE,FALSE,TRUE,4.5
4779860,4.1,88,3,Seafood,ChIJM3SzyedC1moRXNMbBSUFSmg,Kiwi Fish and Chips,East Melbourne,TRUE,TRUE,FALSE,TRUE,FALSE,FALSE,TRUE,TRUE,FALSE,TRUE,TRUE,4.5
12049322,4.6,9,3,Other,ChIJzU8DKEJD1moRLSKWrvqdS1M,My sushi Japanese cafe,East Melbourne,TRUE,TRUE,FALSE,FALSE,FALSE,FALSE,TRUE,TRUE,TRUE,FALSE,TRUE,4.5
4472795,4.3,665,3,Cafe,ChIJh7bPuepC1moRL4BHlUrkdfU,Paddock Cafe,East Melbourne,FALSE,TRUE,FALSE,TRUE,FALSE,FALSE,FALSE,TRUE,FALSE,FALSE,TRUE,4
19674794,2.7,0,3,Other,ChIJ8zyV65xD1moRwzkQolEEvlU,$6 Curries,East Melbourne,TRUE,FALSE,FALSE,FALSE,FALSE,FALSE,TRUE,TRUE,FALSE,FALSE,TRUE,0
5092292,4,9,3,Bar,ChIJP9wsWMNC1moRokhV5r22oNQ,Basement Espresso Cafe,East Melbourne,FALSE,TRUE,FALSE,TRUE,TRUE,TRUE,FALSE,TRUE,FALSE,FALSE,TRUE,4
18961271,4.6,17,3,Italian,ChIJPZ6d3gND1moR_yn70LCJ74Y,Ostƒìr,East Melbourne,FALSE,TRUE,TRUE,TRUE,FALSE,FALSE,TRUE,TRUE,TRUE,TRUE,FALSE,4.5
738584,4.5,1170,3,Asian,ChIJme6hTM9C1moRFG6RpYqZL0c,Longrain Melbourne,East Melbourne,FALSE,TRUE,TRUE,TRUE,FALSE,FALSE,TRUE,TRUE,TRUE,TRUE,FALSE,4.5
1111292,4.4,279,3,Italian,ChIJR1OrH8ZC1moRixhTkKsUwi8,The Waiters Restaurant,East Melbourne,FALSE,TRUE,TRUE,TRUE,FALSE,FALSE,TRUE,TRUE,TRUE,TRUE,FALSE,4
727808,4.5,666,3,European,ChIJxbZOsshC1moR7thhGoEJ11s,Punch Lane Wine Bar & Restaurant,East Melbourne,FALSE,TRUE,TRUE,TRUE,FALSE,FALSE,TRUE,TRUE,TRUE,TRUE,FALSE,4.5
9554485,4.4,1459,3,Asian,ChIJkX9EushC1moRWQYnsdy3skM,Hochi Mama,East Melbourne,FALSE,TRUE,TRUE,TRUE,FALSE,FALSE,TRUE,TRUE,TRUE,TRUE,TRUE,4.5
10460211,4.3,47,1,Asian,ChIJLVxVmchC1moRNMtBqzP3H6c,Soi 38 Melbourne,East Melbourne,TRUE,TRUE,FALSE,TRUE,FALSE,TRUE,TRUE,TRUE,FALSE,TRUE,TRUE,4
255100,4.4,0,3,Other,ChIJz9lOndlD1moRyRP7H4fqa84,Robata Melbourne,East Melbourne,TRUE,TRUE,TRUE,TRUE,FALSE,FALSE,TRUE,TRUE,TRUE,TRUE,FALSE,0
727840,4.2,211,4,European,ChIJN92GPsRC1moRrpvO-n_3bvw,Radii Restaurant & Bar,East Melbourne,FALSE,TRUE,TRUE,TRUE,TRUE,FALSE,TRUE,FALSE,FALSE,TRUE,TRUE,4
15550502,4,11,1,Cafe,ChIJvVx8L8RC1moRnAO6Zu6Ib-E,Mr. Tod Cafe,East Melbourne,FALSE,TRUE,FALSE,TRUE,TRUE,TRUE,FALSE,TRUE,FALSE,TRUE,TRUE,4
724614,4.4,953,3,European,ChIJVUlb_MVC1moRE8udyJ-mVCc,The European,East Melbourne,FALSE,TRUE,TRUE,TRUE,TRUE,TRUE,TRUE,TRUE,TRUE,TRUE,FALSE,4
1226184,4.4,218,3,Mediterranean,ChIJ4e4muN1C1moRG1RzbrdNg50,Anada Bar & Restaurant,East Melbourne,FALSE,TRUE,TRUE,TRUE,FALSE,FALSE,TRUE,FALSE,TRUE,TRUE,FALSE,4.5
3728263,0,237,3,Italian,ChIJq6rG4OtC1moRxQeV_lTSWSA,$12 Pizza's,East Melbourne,FALSE,TRUE,FALSE,FALSE,FALSE,FALSE,TRUE,FALSE,FALSE,FALSE,FALSE,4
25561011,4.7,2,3,Other,ChIJb0_SCKFD1moRIVNLkTucRPU,Dolly,East Melbourne,FALSE,TRUE,TRUE,TRUE,FALSE,FALSE,TRUE,FALSE,TRUE,TRUE,FALSE,3
967878,4.5,535,4,Italian,ChIJ0xwW4cdC1moRe81ERqyUZpk,Cecconi's Flinders Lane Restaurant & Cellar Bar,East Melbourne,FALSE,TRUE,TRUE,TRUE,TRUE,TRUE,TRUE,TRUE,FALSE,TRUE,FALSE,4.5
721767,4.5,398,3,Chinese,ChIJKar4tEpd1moRhETU3oLmvfc,Bamboo House,East Melbourne,TRUE,TRUE,TRUE,TRUE,FALSE,FALSE,TRUE,TRUE,FALSE,TRUE,TRUE,4.5
14799685,5,8,3,Bar,ChIJsY6jDglD1moRObRiccFXerw,Jim Stynes Grill,East Melbourne,FALSE,TRUE,TRUE,TRUE,FALSE,FALSE,TRUE,TRUE,FALSE,TRUE,FALSE,3.5
5986168,4.4,1020,3,Middle_eastern,ChIJyYFFyMlC1moRb22GPrHVal8,Sezar Restaurant,East Melbourne,FALSE,TRUE,TRUE,TRUE,FALSE,FALSE,TRUE,TRUE,TRUE,TRUE,FALSE,4.5
4035687,4.6,134,3,European,ChIJ53vEPslC1moR0ox6S2TyszU,Encore Restaurant & Bar,East Melbourne,FALSE,TRUE,TRUE,TRUE,FALSE,FALSE,TRUE,TRUE,FALSE,TRUE,TRUE,4.5
17555418,4.1,110,3,Indian,ChIJkStQy5pD1moRc5wKwk5dwnY,Daughter In Law,East Melbourne,FALSE,TRUE,TRUE,TRUE,FALSE,FALSE,TRUE,TRUE,TRUE,TRUE,TRUE,4
7284705,4,153,3,Australian,ChIJoZLSJMZC1moRqWQOMA91M5c,Little Collins St Kitchen Restaurant & Bar,East Melbourne,FALSE,TRUE,TRUE,TRUE,TRUE,TRUE,TRUE,TRUE,TRUE,TRUE,FALSE,4
12499341,4.1,104,3,Mexican,ChIJv6N7tshC1moRWE3v9GD65QU,Bodega Underground,East Melbourne,FALSE,TRUE,TRUE,TRUE,FALSE,TRUE,TRUE,TRUE,TRUE,TRUE,TRUE,3.5
10906620,4.5,191,3,Italian,ChIJ4SIGschC1moRTz-NPh3_aQc,SPQR Pizzeria,East Melbourne,TRUE,TRUE,TRUE,TRUE,FALSE,FALSE,TRUE,TRUE,FALSE,TRUE,TRUE,4.5
728274,4.1,583,3,Chinese,ChIJ0WwctchC1moRMJRDX19Kh40,Shark Fin Inn,East Melbourne,TRUE,TRUE,TRUE,TRUE,FALSE,TRUE,TRUE,TRUE,FALSE,TRUE,TRUE,3.5
16705747,4.1,164,4,Italian,ChIJJ3GUFnND1moRUIIedeogCpk,Di Stasio Citta,East Melbourne,FALSE,TRUE,TRUE,TRUE,FALSE,FALSE,TRUE,TRUE,TRUE,TRUE,TRUE,3.5
13307332,4.4,26,3,Wine_bar,ChIJe-SxTM9C1moRGczYs6906F4,Longsong,East Melbourne,FALSE,TRUE,TRUE,TRUE,FALSE,FALSE,FALSE,FALSE,FALSE,TRUE,FALSE,4
4133683,4.3,39,3,Asian,ChIJE87W9c5C1moRNTnghsAOHYs,ThaiLicious Restaurant,East Melbourne,TRUE,TRUE,TRUE,TRUE,FALSE,FALSE,TRUE,TRUE,TRUE,TRUE,TRUE,4
12917866,4.4,18,3,Bar,ChIJqeamsshC1moRiFEfGX_DD6U,Juliet Melbourne,East Melbourne,FALSE,TRUE,TRUE,TRUE,FALSE,FALSE,FALSE,FALSE,FALSE,TRUE,FALSE,4
24076821,4.3,25,3,Steakhouse,ChIJUQGnHgFD1moRfNhS1rJOV0o,Botswana Butchery Melbourne,East Melbourne,TRUE,TRUE,TRUE,TRUE,FALSE,FALSE,TRUE,TRUE,FALSE,TRUE,TRUE,3
738982,4.4,284,3,Mediterranean,ChIJ-dMSJsZC1moRBR6RQKxblbI,Bar Lourinh√£,East Melbourne,TRUE,TRUE,TRUE,TRUE,FALSE,FALSE,TRUE,TRUE,FALSE,TRUE,FALSE,4.5
722625,4.4,404,4,Italian,ChIJ-7pLvshC1moRWHbU4T32oaU,Bottega,East Melbourne,FALSE,TRUE,TRUE,TRUE,FALSE,FALSE,TRUE,TRUE,TRUE,TRUE,FALSE,4
2426495,4.6,706,3,Steakhouse,ChIJoS8hIMZC1moRo_A2fOZBqI8,San Telmo,East Melbourne,FALSE,TRUE,TRUE,TRUE,FALSE,FALSE,TRUE,TRUE,TRUE,TRUE,FALSE,4.5
724861,4.5,1363,4,Chinese,ChIJr1N1BMlC1moR6aJLe1nHgPQ,Flower Drum Restaurant Melbourne,East Melbourne,TRUE,TRUE,TRUE,TRUE,FALSE,FALSE,TRUE,TRUE,TRUE,TRUE,FALSE,4.5
721553,4.7,180,3,Italian,ChIJPygi0jld1moRk8KoFG7mdFc,Amiconi Restaurant,West Melbourne,TRUE,TRUE,TRUE,TRUE,FALSE,FALSE,TRUE,TRUE,FALSE,TRUE,TRUE,4.5
14066403,4.4,11,3,Mexican,ChIJG1rzHTRd1moRFYsSDKDdGR8,Hello Jos√©,West Melbourne,TRUE,TRUE,TRUE,TRUE,FALSE,TRUE,TRUE,TRUE,FALSE,TRUE,TRUE,3.5
19826185,4.1,5,3,Other,ChIJw-ILn55d1moRSYAiep9twIk,So Thai,West Melbourne,TRUE,TRUE,TRUE,TRUE,FALSE,TRUE,TRUE,TRUE,TRUE,TRUE,TRUE,3
729218,4.2,31,3,Asian,ChIJd7Mp0jld1moRISH9V3k4Ws0,Smile Thai Cuisine,West Melbourne,TRUE,TRUE,TRUE,TRUE,FALSE,FALSE,TRUE,TRUE,TRUE,TRUE,TRUE,4
17826452,4.7,29,3,Italian,ChIJS0RmHSZd1moRlfTiaBYdZDk,Sassy Italian Restaurant,West Melbourne,TRUE,TRUE,TRUE,TRUE,TRUE,TRUE,TRUE,TRUE,TRUE,TRUE,TRUE,4.5
727851,4.3,48,3,Indian,ChIJPe8Oxzdd1moR5wkNGC7Qb2Y,Le Taj Restaurant & Lounge,West Melbourne,TRUE,TRUE,TRUE,TRUE,FALSE,FALSE,TRUE,TRUE,TRUE,TRUE,TRUE,4
4457682,4.7,32,3,Asian,ChIJtcv3bTdd1moRN8uMWtQAzIs,Warung Agus,West Melbourne,FALSE,TRUE,TRUE,TRUE,FALSE,FALSE,TRUE,TRUE,TRUE,TRUE,TRUE,4
12415233,4.6,26,3,Italian,ChIJW0teZjZd1moRVwKF6CSxwgU,Royal Standard Hotel,West Melbourne,TRUE,TRUE,TRUE,TRUE,FALSE,FALSE,FALSE,FALSE,FALSE,TRUE,TRUE,4.5
19991275,4.7,0,3,Other,ChIJIxTtzmRd1moRxCYoA9pSPAY,"The Secret Recipe, Indian Fusion Restaurant",West Melbourne,TRUE,TRUE,TRUE,FALSE,FALSE,FALSE,TRUE,TRUE,TRUE,FALSE,TRUE,0
14141404,4.4,8,3,Asian,ChIJZScRBUld1moRq2ydfCSoBN0,Hansang,West Melbourne,TRUE,TRUE,TRUE,TRUE,FALSE,FALSE,TRUE,TRUE,FALSE,TRUE,TRUE,4.5
257035,3.9,4485,2,Other,ChIJW3ZFVT9d1moRp2j-iYl0nzg,Tong Fu Garden Melbourne,West Melbourne,TRUE,TRUE,TRUE,TRUE,FALSE,FALSE,TRUE,TRUE,FALSE,TRUE,TRUE,4.5
25353314,4.7,1,3,Asian,ChIJ094AkEhd1moRfRDE1uYHuZw,Angkor Cafe & Restaurant,West Melbourne,TRUE,TRUE,TRUE,TRUE,FALSE,TRUE,TRUE,TRUE,TRUE,TRUE,TRUE,5
13219722,3.3,4,3,Indian,ChIJS8yzAEld1moRgnycJi4CsgQ,The Moghals,West Melbourne,TRUE,TRUE,TRUE,FALSE,FALSE,TRUE,TRUE,FALSE,TRUE,FALSE,TRUE,3.5
12059688,4.7,217,3,Other,ChIJGYO44Hhd1moRO5IxcmyxY5w,Ports Diner Roadhouse,West Melbourne,FALSE,TRUE,FALSE,FALSE,TRUE,TRUE,TRUE,TRUE,FALSE,FALSE,TRUE,5
4792273,4.8,58,3,African,ChIJETT2xzZd1moR4SHkDmb0V9Q,Little Africa Restaurant,West Melbourne,TRUE,TRUE,TRUE,TRUE,FALSE,FALSE,TRUE,TRUE,TRUE,TRUE,TRUE,4.5
1955162,4.6,44,3,American,ChIJmevfxEdd1moRkZwiO8PaDWg,Hotel Spencer Bar & Grill,West Melbourne,FALSE,TRUE,TRUE,TRUE,FALSE,FALSE,FALSE,FALSE,FALSE,TRUE,TRUE,4.5
8594044,0,167,3,Other,ChIJIVS_9_1d1moRL59VaKR_Sa0,The Fusion Grill Spencer,West Melbourne,TRUE,TRUE,FALSE,FALSE,FALSE,FALSE,TRUE,TRUE,FALSE,FALSE,TRUE,4
1719031,4.5,5579,3,Other,ChIJDWlozjld1moRsw1T17E06dk,Three Crowns Hotel,West Melbourne,FALSE,TRUE,TRUE,TRUE,FALSE,FALSE,TRUE,TRUE,TRUE,TRUE,TRUE,4.5
23276353,5,88,2,Other,ChIJ27uTh7pd1moR-dgwa97Onsg,Souvs On Spencer,West Melbourne,TRUE,TRUE,FALSE,FALSE,FALSE,FALSE,TRUE,TRUE,TRUE,FALSE,TRUE,4
4187386,3.4,50,1,Indian,ChIJmetwn05d1moRyV7SXoCKMqI,Biryani House,West Melbourne,TRUE,TRUE,TRUE,FALSE,TRUE,TRUE,TRUE,TRUE,TRUE,FALSE,TRUE,3.5
1869804,3.9,123,3,International,ChIJp9I_oV9d1moR5UF21vqjGvE,Shiraaz By Rajputana West Melbourne,West Melbourne,TRUE,TRUE,TRUE,TRUE,FALSE,TRUE,TRUE,TRUE,TRUE,TRUE,TRUE,4
17734747,4.7,11,1,Cafe,ChIJZ6Nfpzhd1moR0T0zBqfXErE,Hunters & Disciples,West Melbourne,FALSE,TRUE,TRUE,FALSE,TRUE,TRUE,FALSE,TRUE,TRUE,FALSE,TRUE,5
724561,4.4,25,1,Cafe,ChIJn1NjgUdd1moRRFLouFtvoI8,Embassy Cafe,West Melbourne,TRUE,TRUE,FALSE,FALSE,TRUE,TRUE,TRUE,TRUE,FALSE,FALSE,TRUE,4
14838496,4.8,2,3,Other,ChIJV4DMP5td1moRMcvIMFeLp3Y,Mia Riverside Takeaway,West Melbourne,FALSE,FALSE,FALSE,FALSE,TRUE,TRUE,FALSE,TRUE,FALSE,FALSE,TRUE,3
3872475,4.3,75,3,Barbecue,ChIJvSWppzZd1moRt66Tm8D_SKc,Matzip Korean BBQ Restaurant,West Melbourne,TRUE,TRUE,TRUE,TRUE,FALSE,FALSE,TRUE,FALSE,FALSE,FALSE,TRUE,4.5
4943431,4.1,18,3,Indian,ChIJaUwo1zld1moRcRGXQVseqDg,The Kathmandu Cottage,West Melbourne,TRUE,TRUE,TRUE,TRUE,FALSE,FALSE,TRUE,FALSE,TRUE,TRUE,TRUE,4
7112928,1,107,3,Bar,ChIJbekQT95d1moRSDPBFx0-C3s,Royal Kings Pizza,West Melbourne,TRUE,TRUE,TRUE,FALSE,FALSE,FALSE,TRUE,FALSE,FALSE,FALSE,TRUE,4
19659583,2.8,0,3,Other,ChIJ0wi_tjdd1moR2eLARPLm10I,Rosslyn Pizza,West Melbourne,TRUE,TRUE,FALSE,FALSE,FALSE,FALSE,TRUE,FALSE,FALSE,FALSE,TRUE,0
25531194,1.8,0,3,Other,ChIJ3wT739Rd1moRLzaR3S9un2Q,Mughlai Mahal,West Melbourne,TRUE,TRUE,TRUE,FALSE,FALSE,FALSE,TRUE,TRUE,FALSE,FALSE,TRUE,0
7264551,3.3,78,3,Indian,ChIJg4Y_B0ld1moR3PHlrA-bg0Y,Mughal,West Melbourne,TRUE,TRUE,TRUE,FALSE,FALSE,FALSE,TRUE,TRUE,FALSE,FALSE,TRUE,4.5
8126171,4.8,365,1,Chinese,ChIJuWenGH1d1moREwgt9Mi6T-c,My Bao ‰∏úÂåóÂ∞èÈô¢,West Melbourne,TRUE,TRUE,FALSE,FALSE,FALSE,FALSE,FALSE,TRUE,FALSE,FALSE,TRUE,4.5
729239,4.4,402,3,Australian,ChIJ-9Z5KUhd1moRTGB848IAz3w,Witches In Britches,West Melbourne,FALSE,FALSE,TRUE,TRUE,FALSE,FALSE,FALSE,FALSE,FALSE,TRUE,FALSE,4
3233266,0,317,1,Italian,ChIJq6qPwDZd1moR12DLASkVEFc,Thor Pizza,West Melbourne,TRUE,TRUE,FALSE,FALSE,FALSE,FALSE,TRUE,TRUE,FALSE,FALSE,TRUE,4.5
5286108,0,43,1,Asian,ChIJGXlk_Tdd1moRFB1zABhnFko,Yum Catering,West Melbourne,FALSE,TRUE,TRUE,FALSE,FALSE,FALSE,FALSE,TRUE,FALSE,FALSE,FALSE,3.5
15613856,5,69,3,Italian,ChIJmSmRaY9d1moRWrM5V4uzRGs,Pretty Sichuan Taste Â∑ùÂë≥È¶ô,West Melbourne,TRUE,TRUE,FALSE,FALSE,FALSE,FALSE,TRUE,TRUE,FALSE,FALSE,TRUE,4.5
23159871,4.4,26,3,Australian,ChIJ6-6120xd1moRv_VhyogdHqM,Lollo,West Melbourne,FALSE,TRUE,TRUE,TRUE,TRUE,TRUE,TRUE,TRUE,TRUE,TRUE,FALSE,4
25249489,4.6,1,3,Italian,ChIJVVXxKEZd1moRxMSM4gkaJZI,THE ANGRY DOG,West Melbourne,FALSE,TRUE,TRUE,TRUE,FALSE,FALSE,FALSE,FALSE,FALSE,TRUE,TRUE,5
19102663,3,43,3,Chinese,ChIJpRmxRrBd1moRYBslBDGGp2Q,Chef Panda,West Melbourne,TRUE,TRUE,FALSE,FALSE,FALSE,FALSE,TRUE,TRUE,FALSE,FALSE,TRUE,3.5
5308809,4.4,32,1,Asian,ChIJSzb7xTZd1moR0ZQhSKN11tg,Pho Victoria,West Melbourne,TRUE,TRUE,TRUE,FALSE,FALSE,FALSE,TRUE,TRUE,FALSE,FALSE,TRUE,4.5
23159877,4.1,1,4,Japanese,ChIJCd8m5bJd1moR8Dzy5pgAIII,Warabi,West Melbourne,FALSE,TRUE,TRUE,TRUE,FALSE,FALSE,TRUE,FALSE,FALSE,TRUE,FALSE,4
23381578,4.6,2,3,Australian,ChIJwZP-zuRd1moRerW91SboCPE,279,West Melbourne,TRUE,TRUE,FALSE,FALSE,TRUE,TRUE,FALSE,TRUE,TRUE,FALSE,TRUE,5
26301404,4.2,0,3,Australian,ChIJhQbBiZBd1moRrqSbGTrRTig,Shush Burger by Sean Connolly,West Melbourne,FALSE,TRUE,TRUE,TRUE,FALSE,FALSE,TRUE,TRUE,FALSE,TRUE,TRUE,0
13786389,4.3,36,3,Barbecue,ChIJj-RCijNd1moR5wCG3q2prYs,Donwoori Korean Restaurant,West Melbourne,FALSE,TRUE,TRUE,TRUE,FALSE,FALSE,TRUE,TRUE,TRUE,TRUE,TRUE,4
25430133,3.8,1,3,Italian,ChIJ-dKVVbJd1moRvkegNyHfyjw,215 Queen's Restaurant and Bar Melbourne,West Melbourne,TRUE,TRUE,TRUE,TRUE,FALSE,FALSE,TRUE,FALSE,TRUE,TRUE,TRUE,3
5812002,4.4,22,1,Chinese,ChIJCxE66Tld1moRG7axltOI0hA,Char Siu House,West Melbourne,TRUE,TRUE,FALSE,FALSE,FALSE,FALSE,TRUE,TRUE,FALSE,FALSE,TRUE,4
1050531,4.5,1696,4,Mediterranean,ChIJizFTarNC1moRjM6M4Z_OGAg,Maha Restaurant,West Melbourne,FALSE,TRUE,TRUE,TRUE,TRUE,FALSE,TRUE,TRUE,TRUE,TRUE,FALSE,4.5
1858389,4.5,27,3,International,ChIJ7TaR1khd1moRXCmigET2XdM,Angliss Restaurant,West Melbourne,FALSE,TRUE,FALSE,TRUE,FALSE,FALSE,TRUE,TRUE,FALSE,TRUE,FALSE,4.5
3611871,4.3,17,3,Barbecue,ChIJfyCEiDNd1moRBfl8Fpp4CVI,Toodouri,West Melbourne,FALSE,TRUE,TRUE,TRUE,FALSE,FALSE,TRUE,FALSE,FALSE,TRUE,FALSE,4
1077929,4.8,1300,4,Italian,ChIJ2fOmZypd1moRGKVP8II2_gY,Villas Restaurant & Bar,West Melbourne,FALSE,TRUE,TRUE,TRUE,FALSE,FALSE,TRUE,TRUE,FALSE,TRUE,TRUE,4
5033713,3.7,12,1,Indian,ChIJh20YuDld1moRi2zSQPIFuT0,Nizams Indian Restaurant North Melbourne,West Melbourne,TRUE,TRUE,TRUE,FALSE,FALSE,FALSE,TRUE,TRUE,FALSE,FALSE,TRUE,4
23414221,4.1,18,3,Asian,ChIJvxrTqPdd1moRTynlPUYlA2s,Miss Mi Restaurant & Bar,West Melbourne,FALSE,TRUE,TRUE,TRUE,TRUE,FALSE,TRUE,TRUE,TRUE,TRUE,FALSE,4
11306017,4.2,21,1,Fast_food,ChIJdQRI7Dld1moRbPrUI3xVym0,Wonky Trolley,West Melbourne,TRUE,TRUE,FALSE,TRUE,TRUE,TRUE,TRUE,TRUE,TRUE,TRUE,TRUE,4
1548078,4.5,181,3,Italian,ChIJb6DBxDld1moRx6XklV4QyZs,Sosta Ristorante,North Melbourne,FALSE,TRUE,TRUE,TRUE,FALSE,FALSE,TRUE,TRUE,TRUE,TRUE,FALSE,4.5
4780875,4.6,47,3,Italian,ChIJN7-E-jNd1moRFIhlAbMd6To,Maria's Trattoria,North Melbourne,FALSE,TRUE,TRUE,TRUE,FALSE,FALSE,TRUE,TRUE,FALSE,TRUE,TRUE,4.5
4745095,4.2,39,3,Mexican,ChIJA8yl2zld1moRIwG5JP_WDuQ,El Sabor - Mexican Restaurant,North Melbourne,TRUE,TRUE,TRUE,TRUE,FALSE,TRUE,TRUE,TRUE,TRUE,TRUE,TRUE,4
2654747,4.1,108,3,Cafe,ChIJse5g9zld1moRKH_lqhWAH9g,Errol's,North Melbourne,TRUE,TRUE,TRUE,TRUE,TRUE,TRUE,TRUE,TRUE,TRUE,TRUE,TRUE,4
12519622,4.4,42,3,Asian,ChIJYeVCBy5d1moRqbFwZ3QQrfc,The Rice Cooker,North Melbourne,TRUE,TRUE,TRUE,TRUE,FALSE,FALSE,TRUE,TRUE,TRUE,TRUE,TRUE,4.5
728841,4.3,76,3,Bar,ChIJK1JxtDBd1moRzCIdZ-QZEAo,The Leveson,North Melbourne,FALSE,TRUE,TRUE,TRUE,FALSE,FALSE,TRUE,TRUE,FALSE,TRUE,FALSE,4
4786419,4.4,51,1,Asian,ChIJu5_o5jld1moRRSzyKR7wOyI,KL Bunga Raya,North Melbourne,TRUE,TRUE,TRUE,TRUE,FALSE,FALSE,TRUE,TRUE,FALSE,TRUE,TRUE,4
5021774,4.5,587,1,Other,ChIJfbcmh4pd1moRSaeMUzJupz4,SinJeon K-Street Food (North Melbourne),North Melbourne,TRUE,TRUE,FALSE,TRUE,FALSE,FALSE,TRUE,TRUE,TRUE,FALSE,TRUE,3.5
2529032,3.9,53,3,Lebanese,ChIJ-SRy8Tld1moRpYcmhkpwOeQ,Agraba Lebanese Mezze,North Melbourne,TRUE,TRUE,TRUE,TRUE,FALSE,FALSE,TRUE,TRUE,TRUE,TRUE,TRUE,4
2708603,4.8,456,3,Australian,ChIJhxtkpDBd1moRvBtl-eOUcFM,Mr. Price's Foodstore,North Melbourne,FALSE,TRUE,TRUE,FALSE,FALSE,FALSE,TRUE,TRUE,FALSE,TRUE,TRUE,4
14132082,4.6,4,3,Bar,ChIJGTlGxjld1moRXxFaAx2oDI0,Joe Taylor & Oskar Pizza,North Melbourne,FALSE,TRUE,TRUE,TRUE,FALSE,FALSE,FALSE,FALSE,FALSE,TRUE,TRUE,4
3389693,4.6,35,3,Cafe,ChIJV3kVEDpd1moRzmljRe6cYSM,Fandango Cafe,North Melbourne,TRUE,TRUE,TRUE,FALSE,TRUE,TRUE,FALSE,TRUE,FALSE,FALSE,TRUE,4.5
5018804,4.3,41,3,Bar,ChIJj6-ASjBd1moRywk8vb-TlLE,The Castle Hotel,North Melbourne,TRUE,TRUE,TRUE,TRUE,FALSE,FALSE,TRUE,TRUE,FALSE,TRUE,TRUE,4
20831290,4.3,2,3,Pizza,ChIJY-BD2iJd1moRADZTnHCY2iE,Mr Tucker,North Melbourne,FALSE,TRUE,TRUE,FALSE,TRUE,TRUE,TRUE,TRUE,FALSE,TRUE,TRUE,4.5
6570695,4.9,534,3,Brazilian,ChIJeTdSUphd1moR55WLsMElvUI,The Galbi BBQ,North Melbourne,TRUE,TRUE,TRUE,TRUE,FALSE,FALSE,TRUE,FALSE,FALSE,TRUE,TRUE,4.5
725615,4.4,74,3,Cafe,ChIJcXFZxjld1moR27sZDTXjkmk,Hot Poppy cafe,North Melbourne,TRUE,TRUE,FALSE,TRUE,TRUE,TRUE,FALSE,TRUE,TRUE,TRUE,TRUE,4.5
8280071,4.1,36,3,Barbecue,ChIJk9WjiTNd1moRv0twWUuyz6E,Hallah,North Melbourne,FALSE,TRUE,TRUE,TRUE,FALSE,FALSE,TRUE,TRUE,FALSE,TRUE,TRUE,4
17377806,3.8,3,3,Italian,ChIJQTI1BjRd1moRtLQyZYj7VUc,La Porchetta North Melbourne,North Melbourne,TRUE,TRUE,TRUE,TRUE,FALSE,FALSE,TRUE,TRUE,FALSE,TRUE,TRUE,4.5
257037,3.5,553,2,Other,ChIJvYmX2kVd1moRzSHtpHVCVAY,Etto Pasta Bar - North Melbourne,North Melbourne,TRUE,TRUE,FALSE,FALSE,FALSE,TRUE,TRUE,TRUE,FALSE,FALSE,TRUE,3
24831835,4.5,3,3,African,ChIJ29n5yzBd1moReeHrxSRaMkA,Manze,North Melbourne,FALSE,TRUE,TRUE,TRUE,FALSE,FALSE,TRUE,TRUE,FALSE,TRUE,FALSE,4.5
5308687,4.4,65,3,Gastropub,ChIJ3-6Iwzld1moRQnzg1_90pYs,Toast Kitchen Cafe,North Melbourne,FALSE,TRUE,FALSE,TRUE,TRUE,TRUE,FALSE,TRUE,TRUE,TRUE,TRUE,4.5
4779472,4,30,3,Pizza,ChIJx708zzld1moRUdFlOTfVb5Q,Oskar Pizza,North Melbourne,TRUE,TRUE,TRUE,TRUE,FALSE,FALSE,TRUE,FALSE,TRUE,TRUE,TRUE,4
20376752,4.4,4,1,Other,ChIJr6dgFV5d1moRvfofAZW-rsk,Joe's Eatery,North Melbourne,FALSE,TRUE,FALSE,TRUE,TRUE,TRUE,TRUE,TRUE,FALSE,TRUE,TRUE,3
1227463,4.1,58,3,Bar,ChIJF4IoBjpd1moRBFzQUpeHtm4,The Courthouse,North Melbourne,FALSE,TRUE,TRUE,TRUE,FALSE,FALSE,FALSE,FALSE,FALSE,TRUE,FALSE,3.5
727586,4.5,2,3,Other,ChIJTcXiPTtd1moRjw36UBNKm9s,Papa Giuseppe Pizza,North Melbourne,TRUE,TRUE,FALSE,FALSE,FALSE,FALSE,TRUE,FALSE,TRUE,FALSE,TRUE,3.5
3915938,3.4,148,1,Mexican,ChIJ6RIHgUZd1moRTHj3G-9tFtw,Guzman y Gomez - North Melbourne,North Melbourne,TRUE,TRUE,FALSE,TRUE,TRUE,FALSE,TRUE,TRUE,FALSE,FALSE,TRUE,3.5
8483349,3.3,302,3,Chinese,ChIJV3u17Tld1moRfbUCiFVvO6M,Fungs Asian Food & Sushi Bar,North Melbourne,FALSE,TRUE,FALSE,FALSE,FALSE,FALSE,TRUE,TRUE,FALSE,FALSE,TRUE,4
26361526,4.4,1,3,Japanese,ChIJA-QSzq5d1moREjfO3uWiS-0,EziStreat,North Melbourne,TRUE,TRUE,TRUE,TRUE,FALSE,FALSE,TRUE,TRUE,TRUE,TRUE,TRUE,4
4775374,4.5,26,3,Bar,ChIJdfbk6jld1moRwElnckgNb9M,Town Hall Hotel,North Melbourne,FALSE,TRUE,TRUE,TRUE,FALSE,FALSE,FALSE,FALSE,FALSE,TRUE,FALSE,4.5
756537,4.2,206,3,Italian,ChIJ0UaHMDtd1moRJXVh0-k_Iec,Pioneer Pizza,North Melbourne,TRUE,TRUE,FALSE,FALSE,FALSE,FALSE,TRUE,FALSE,FALSE,FALSE,TRUE,4
2713169,4.3,81,3,Japanese,ChIJyXgUjh5d1moRrKWm5r5s5E0,Palette. & Palette.atnight,North Melbourne,TRUE,TRUE,FALSE,FALSE,TRUE,TRUE,TRUE,TRUE,TRUE,FALSE,TRUE,4.5
16726568,4.5,3,3,Asian,ChIJTf2AGOpd1moRVexVWdx28VY,Kebab Connection,North Melbourne,TRUE,TRUE,FALSE,FALSE,FALSE,FALSE,TRUE,TRUE,TRUE,FALSE,TRUE,4.5
5106612,4.1,3,3,Other,ChIJHXj7Ez9d1moRdlP9vhHdpLU,North Melbourne Take Away,North Melbourne,FALSE,FALSE,FALSE,FALSE,FALSE,FALSE,FALSE,TRUE,FALSE,FALSE,TRUE,3
2511491,0,431,3,Cafe,ChIJ0an5tzNd1moRnL-pWh4UMNk,ROOM,North Melbourne,FALSE,TRUE,FALSE,TRUE,FALSE,FALSE,TRUE,TRUE,FALSE,TRUE,FALSE,4.5
8861982,4.3,20,1,Fast_food,ChIJJeHtxjld1moRwmVwpj2Nx90,Salt Seafood & Burger Bar,North Melbourne,TRUE,TRUE,FALSE,TRUE,FALSE,TRUE,TRUE,TRUE,FALSE,FALSE,TRUE,4
2483527,4.6,394,3,Australian,ChIJO9jxGR5d1moRO4XXi8ciH6w,Cindy's Kitchen Â¢®ÊùëÁßÅÊàøËèú,North Melbourne,TRUE,TRUE,TRUE,FALSE,FALSE,FALSE,TRUE,TRUE,FALSE,FALSE,TRUE,3.5
13113158,4.7,1226,3,Indian,ChIJv_uo9_YPdkgRq2K1F6d_5-g,Dishoom Kensington,Kensington,FALSE,TRUE,TRUE,TRUE,TRUE,TRUE,TRUE,TRUE,TRUE,TRUE,TRUE,4.5
8784793,4.2,1742,3,French,ChIJ6b_F4fYPdkgRIoJa6hALTWI,The Ivy Kensington Brasserie,Kensington,FALSE,TRUE,TRUE,TRUE,TRUE,TRUE,TRUE,TRUE,FALSE,TRUE,FALSE,4
14935919,4.4,161,3,Peruvian,ChIJz7Bhtd4PdkgRPNgj59cV9tg,Zuaya London,Kensington,TRUE,TRUE,TRUE,TRUE,FALSE,TRUE,TRUE,TRUE,FALSE,TRUE,TRUE,4.5
11894306,4.5,1121,3,Israeli,ChIJjdhaYiwbdkgR_SuA9p18OqU,CERU Eastern Mediterranean Restaurant South Kensington,Kensington,TRUE,TRUE,TRUE,TRUE,FALSE,TRUE,TRUE,TRUE,TRUE,TRUE,TRUE,4.5
1388951,4.4,1372,3,French,ChIJAY1NtPcPdkgRXaRO5K1IPco,C√¥te Kensington,Kensington,TRUE,TRUE,TRUE,TRUE,TRUE,TRUE,TRUE,TRUE,TRUE,TRUE,FALSE,4.5
7602594,4.4,149,3,Japanese,ChIJHZJUqvcPdkgR3-c1NQd-A9o,Bone Daddies Kensington,Kensington,TRUE,TRUE,TRUE,TRUE,TRUE,FALSE,TRUE,TRUE,TRUE,TRUE,TRUE,3.5
3169695,4.3,759,3,Italian,ChIJF9Hlq_cPdkgR6ThcTDegDBY,Spaghetti House Italian Restaurant Kensington High Street,Kensington,TRUE,TRUE,TRUE,TRUE,FALSE,FALSE,TRUE,TRUE,TRUE,TRUE,TRUE,4.5
193123,4.3,4946,4,Other,ChIJ9x-Kq_cPdkgRVwnak02PxI8,Origin Kensington,Kensington,FALSE,TRUE,TRUE,TRUE,TRUE,FALSE,TRUE,TRUE,TRUE,TRUE,FALSE,4.5
7589353,4.6,207,3,Mediterranean,ChIJXbAY7fczcEERQc5DmImVYvg,Alexandrie Restaurant,Kensington,FALSE,TRUE,TRUE,TRUE,FALSE,FALSE,TRUE,TRUE,TRUE,TRUE,FALSE,4.5
17385148,4.8,484,3,Italian,ChIJEyHV70EPdkgR4ltmETic22k,Grato,Kensington,FALSE,TRUE,TRUE,TRUE,FALSE,FALSE,TRUE,TRUE,TRUE,TRUE,TRUE,4.5
1018426,4.1,320,3,Italian,ChIJvQL4y_cPdkgR_PTPGBOQukM,Prezzo Italian Restaurant London Kensington,Kensington,TRUE,TRUE,TRUE,TRUE,FALSE,TRUE,TRUE,TRUE,TRUE,TRUE,TRUE,4
1017393,4.3,1381,3,Indian,ChIJW1e5NFkFdkgRw_1wF5RLuTY,Memories of India Kensington,Kensington,TRUE,TRUE,TRUE,TRUE,FALSE,FALSE,TRUE,TRUE,TRUE,TRUE,TRUE,4.5
719675,4.8,1406,4,European,ChIJlQFx01gFdkgRkchWrnmDM-E,Launceston Place,Kensington,FALSE,TRUE,TRUE,TRUE,FALSE,FALSE,TRUE,TRUE,TRUE,TRUE,FALSE,4.5
2399478,4.3,364,3,Indian,ChIJDxwjt-QPdkgRNKTbCos-HE0,Chakra Kensington,Kensington,TRUE,TRUE,TRUE,TRUE,FALSE,TRUE,TRUE,TRUE,TRUE,TRUE,TRUE,4
733245,5,216,4,British,ChIJ98briVgFdkgReGYkDvuVXHg,Chenestons Restaurant,Kensington,FALSE,TRUE,TRUE,TRUE,TRUE,FALSE,TRUE,TRUE,FALSE,TRUE,FALSE,4.5
2470813,4.4,1671,3,Italian,ChIJvcvtyV4FdkgR8nnz2S8fVUs,Da Mario Kensington,Kensington,FALSE,TRUE,TRUE,TRUE,FALSE,FALSE,TRUE,TRUE,TRUE,TRUE,TRUE,4.5
1420213,4.4,829,3,British,ChIJKy64lWcFdkgRjHnXKBLVnoY,Town House Kensington,Kensington,FALSE,TRUE,TRUE,TRUE,TRUE,TRUE,TRUE,TRUE,TRUE,TRUE,FALSE,4.5
13236559,4.2,108,3,Italian,ChIJFfiE5-0PdkgRGjKjU2oJ3qA,Enoteca Rosso,Kensington,FALSE,TRUE,TRUE,TRUE,TRUE,TRUE,TRUE,TRUE,TRUE,TRUE,FALSE,3.5
733579,4.6,762,3,Italian,ChIJn-ywB_IPdkgRKaAFvSUsxZs,Il Portico,Kensington,TRUE,TRUE,TRUE,TRUE,FALSE,FALSE,TRUE,TRUE,FALSE,TRUE,TRUE,4.5
720981,4.4,1403,4,Indian,ChIJnbhVw_YPdkgR2FvRK5V9lUc,Zaika,Kensington,FALSE,TRUE,TRUE,TRUE,FALSE,TRUE,TRUE,TRUE,TRUE,TRUE,TRUE,4.5
1016670,4.4,1973,3,Indian,ChIJjQcUp0IFdkgRanlqLHrXn9I,Khan's of Kensington,Kensington,TRUE,TRUE,TRUE,TRUE,FALSE,FALSE,TRUE,TRUE,TRUE,TRUE,TRUE,4.5
19273823,4.6,77,3,French,ChIJq-uTY_EFdkgRkoi0u3r6miQ,Eli‚Äôs Restaurant - South Kensington,Kensington,FALSE,TRUE,TRUE,TRUE,FALSE,FALSE,TRUE,TRUE,TRUE,TRUE,FALSE,4.5
23678169,4.3,22,3,Other,ChIJxeYTCDMPdkgRWGtgCMvRXlU,Pascor Restaurant,Kensington,FALSE,TRUE,TRUE,TRUE,FALSE,TRUE,TRUE,TRUE,FALSE,TRUE,FALSE,4
7314841,4.5,343,4,European,ChIJ01L60vsPdkgRB-UGY6_FoF0,Clarke's Restaurant,Kensington,TRUE,TRUE,TRUE,TRUE,FALSE,FALSE,TRUE,TRUE,FALSE,TRUE,FALSE,4.5
1010111,4.2,967,3,European,ChIJXeC1Cl4FdkgRjBuv6w48XqI,Scoff & Banter Kensington,Kensington,FALSE,TRUE,TRUE,TRUE,TRUE,TRUE,TRUE,TRUE,FALSE,TRUE,FALSE,4.5
3456295,4.2,114,3,Italian,ChIJM2jO1fcPdkgR_QsNrmXZoTk,Foubert's,Kensington,FALSE,TRUE,TRUE,TRUE,TRUE,FALSE,TRUE,TRUE,FALSE,TRUE,FALSE,4
23735889,4.2,20,3,International,ChIJPSInFzUPdkgR27rOHmUiS2Y,Kensington Quarter,Kensington,TRUE,TRUE,TRUE,TRUE,TRUE,TRUE,TRUE,TRUE,TRUE,TRUE,TRUE,3.5
246023,4.1,269,3,Other,ChIJDSPBxfcPdkgRYfyZ81Tl2Vs,wagamama high street kensington,Kensington,TRUE,TRUE,TRUE,TRUE,FALSE,FALSE,TRUE,TRUE,TRUE,TRUE,TRUE,4
8564086,4.4,365,3,Seafood,ChIJA5Gm5GcFdkgRhAQF1LA-tMs,Wright Brothers South Kensington,Kensington,FALSE,TRUE,TRUE,TRUE,FALSE,FALSE,TRUE,TRUE,TRUE,TRUE,FALSE,4.5
19597706,4.2,231,3,Mediterranean,ChIJcf9ZkbgPdkgRTMZ-81h4aQE,Megan's on the High Street Restaurant (Kensington),Kensington,TRUE,TRUE,TRUE,TRUE,TRUE,TRUE,TRUE,TRUE,TRUE,TRUE,TRUE,3.5
1089239,3.1,444,3,Asian,ChIJn1EDofYPdkgRZA8yKTvFG0A,Kensington Thai Terrace,Kensington,TRUE,TRUE,TRUE,TRUE,FALSE,FALSE,TRUE,TRUE,FALSE,TRUE,TRUE,3
10079921,4.4,374,3,Filipino,ChIJlTSFSewPdkgRat9oKHTl33Q,Romulo Caf√© & Restaurant,Kensington,TRUE,TRUE,TRUE,TRUE,FALSE,FALSE,TRUE,TRUE,TRUE,TRUE,TRUE,4.5
788097,4.2,228,3,Japanese,ChIJNxoOfOwPdkgR4-cNXIzj1BA,Hare & Tortoise Kensington,Kensington,TRUE,TRUE,TRUE,TRUE,FALSE,FALSE,TRUE,TRUE,TRUE,TRUE,TRUE,4
6624139,4.5,670,3,Italian,ChIJobxrAmgFdkgRgcJpBakGdV8,"Pappa Roma Restaurant, Pizza and Bar",Kensington,TRUE,TRUE,TRUE,TRUE,FALSE,FALSE,TRUE,TRUE,TRUE,TRUE,TRUE,4.5
1214896,4.1,1185,3,Seafood,ChIJnV7FjUIFdkgRzYUGlV3cvQg,Tapas Brindisa South Kensington,Kensington,FALSE,TRUE,TRUE,TRUE,TRUE,TRUE,TRUE,TRUE,TRUE,TRUE,FALSE,4
23436064,4.7,21,3,Italian,ChIJOWJBCIsPdkgR9x7taFAyvWg,PINO,Kensington,FALSE,TRUE,TRUE,TRUE,FALSE,FALSE,TRUE,TRUE,FALSE,TRUE,TRUE,4.5
3784979,4.5,1469,3,Steakhouse,ChIJ48y_6mcFdkgRhqLHww_SqeY,Macellaio RC South Kensington,Kensington,TRUE,TRUE,TRUE,TRUE,FALSE,FALSE,TRUE,TRUE,TRUE,TRUE,TRUE,4.5
2571962,4.1,1976,3,Lebanese,ChIJgV7FjUIFdkgREkiwLP2M6Bk,Comptoir Libanais South Kensington,Kensington,TRUE,TRUE,TRUE,TRUE,TRUE,TRUE,TRUE,TRUE,TRUE,TRUE,TRUE,4
2179762,3.9,49,3,British,ChIJ7w-V58oNdkgRMcz9MMtot9Q,The Orangery Restaurant,Kensington,FALSE,TRUE,TRUE,FALSE,TRUE,TRUE,TRUE,TRUE,FALSE,TRUE,FALSE,4
5992727,4.6,296,3,French,ChIJ3fS9KGEFdkgR659vG--k58k,Margaux,Kensington,TRUE,TRUE,TRUE,TRUE,TRUE,TRUE,TRUE,TRUE,TRUE,TRUE,TRUE,4.5
1044445,4.4,901,4,Chinese,ChIJy1y33_cPdkgRy4SK96aOVBM,Min Jiang,Kensington,TRUE,TRUE,TRUE,TRUE,FALSE,FALSE,TRUE,TRUE,TRUE,TRUE,TRUE,4.5
10150587,4,219,3,Indian,ChIJS2d0gfEPdkgRuvKJvm38hHs,Raj of Kensington,Kensington,TRUE,TRUE,TRUE,TRUE,FALSE,FALSE,TRUE,TRUE,TRUE,TRUE,TRUE,4.5
8017474,3.8,281,3,Japanese,ChIJYRNN72cFdkgRM_8-LtHwok8,Dozo,Kensington,TRUE,TRUE,TRUE,TRUE,FALSE,FALSE,TRUE,TRUE,FALSE,TRUE,TRUE,4
1017316,4.5,181,3,Italian,ChIJXV6EH_YPdkgROGp5l7ekCEA,Locanda Ottoemezzo,Kensington,TRUE,TRUE,TRUE,TRUE,TRUE,TRUE,TRUE,TRUE,FALSE,TRUE,TRUE,4
4925323,4.2,266,4,Japanese,ChIJV6l34GYFdkgRVvFHSJPP_NI,Yashin Ocean House,Kensington,TRUE,TRUE,TRUE,TRUE,FALSE,TRUE,TRUE,TRUE,FALSE,TRUE,TRUE,4
23471336,4.4,6,3,Thai,ChIJl1EJr44FdkgRNBDPv-wUDEA,Meekhun Thai Bistro (Kensington),Kensington,TRUE,TRUE,TRUE,TRUE,FALSE,FALSE,TRUE,TRUE,FALSE,TRUE,TRUE,3.5
734258,4.3,707,3,European,ChIJFd-HVvcPdkgRUO2vB2jTZX0,Ffiona's,Kensington,FALSE,TRUE,TRUE,TRUE,TRUE,TRUE,TRUE,TRUE,FALSE,TRUE,TRUE,4.5
2011025,4.2,1158,3,Italian,ChIJoSuJ5GcFdkgR4MiPFtHmblc,Bella Italia - South Kensington,Kensington,TRUE,TRUE,TRUE,TRUE,FALSE,FALSE,FALSE,FALSE,TRUE,TRUE,TRUE,4
14184416,4.2,130,4,Japanese,ChIJbYF04XsPdkgRYuY_9zvfWp8,Akira Restaurant at Japan House London,Kensington,FALSE,TRUE,TRUE,TRUE,FALSE,FALSE,TRUE,TRUE,TRUE,TRUE,FALSE,3.5
188474,4,369,3,Other,ChIJ1YES5cQFdkgRCnr6goxGrYk,South Kensington Kitchen,Kensington,TRUE,TRUE,TRUE,FALSE,FALSE,TRUE,TRUE,TRUE,TRUE,TRUE,TRUE,4.5
720385,4.2,120,1,Lebanese,ChIJxfutAvcPdkgRUZrdTuwRJ9w,Ranoush Juice,Kensington,TRUE,TRUE,FALSE,TRUE,FALSE,FALSE,TRUE,TRUE,FALSE,TRUE,TRUE,4
1014102,4.4,71,3,British,ChIJEZvKQ_EPdkgRWQwUCnF_7fQ,"Balans, Kensington",Kensington,FALSE,TRUE,TRUE,TRUE,TRUE,TRUE,TRUE,TRUE,TRUE,TRUE,TRUE,4.5
2178357,4.3,1033,3,Italian,ChIJYdKq5mcFdkgRvYBMWM-CMz4,Rocca,Kensington,TRUE,TRUE,TRUE,TRUE,FALSE,FALSE,TRUE,TRUE,TRUE,TRUE,TRUE,4
2307482,3.1,477,3,Chinese,ChIJjQcUp0IFdkgRF8ASwUUTlJo,Jia,Kensington,TRUE,TRUE,TRUE,TRUE,FALSE,FALSE,TRUE,TRUE,FALSE,TRUE,TRUE,3.5
10517649,4.5,1028,3,Fast_food,ChIJbYz9hUIFdkgRyftQ4XwNqro,Honest Burgers South Kensington,Kensington,TRUE,TRUE,TRUE,TRUE,FALSE,TRUE,TRUE,TRUE,TRUE,TRUE,TRUE,4.5
187550,4.2,5746,3,Other,ChIJBe231SoPdkgRT_3hbsIc3rc,HANRUE by Tasty Korea Kensington Palace,Kensington,TRUE,TRUE,TRUE,TRUE,FALSE,FALSE,TRUE,TRUE,FALSE,TRUE,TRUE,3.5
3322305,4.4,101,3,Bar,ChIJgwQn4PYPdkgRhWVEcDrvJNc,Piano Kensington,Kensington,FALSE,TRUE,TRUE,TRUE,FALSE,FALSE,FALSE,FALSE,FALSE,TRUE,FALSE,4
8855999,4.2,2613,3,Other,ChIJz9S9rGAFdkgREtsUhx6ZOLI,Steak and Company - Gloucester Road,Kensington,FALSE,TRUE,TRUE,TRUE,TRUE,TRUE,TRUE,TRUE,TRUE,TRUE,FALSE,4.5
1656751,4.5,1029,4,European,ChIJ1-By1fMPdkgRHFSgAdcS41Y,Kitchen W8,Kensington,FALSE,TRUE,TRUE,FALSE,TRUE,FALSE,TRUE,TRUE,FALSE,TRUE,TRUE,4.5
807510,4.3,561,3,Italian,ChIJpcrtOUNd1moRM9SNgN0396c,Berth,Docklands,FALSE,TRUE,TRUE,TRUE,FALSE,FALSE,TRUE,TRUE,TRUE,TRUE,TRUE,4
6013062,4.4,689,3,Pizza,ChIJS7DTKF1d1moR7RwcyPt11R8,Cargo Bar & Eatery,Docklands,FALSE,TRUE,TRUE,TRUE,TRUE,TRUE,TRUE,TRUE,TRUE,TRUE,TRUE,4
15343302,4.5,16,3,Lebanese,ChIJb6CD9nxd1moR4D8Bjby-jo8,Corniche Restaurant,Docklands,TRUE,TRUE,TRUE,TRUE,FALSE,FALSE,TRUE,TRUE,FALSE,TRUE,TRUE,4
2334084,4.3,125,3,Steakhouse,ChIJka0pG1xd1moRq3Exn_PRVZ0,Squires Loft Docklands,Docklands,FALSE,TRUE,TRUE,TRUE,FALSE,FALSE,TRUE,TRUE,FALSE,TRUE,TRUE,4
9597889,3.7,48,3,Chinese,ChIJVUuZakNd1moRNzSh7g6cg8Q,Docklands Lotus,Docklands,TRUE,TRUE,TRUE,TRUE,FALSE,FALSE,TRUE,TRUE,FALSE,TRUE,TRUE,3.5
4791759,3.9,47,3,Lebanese,ChIJIbVG7Wdd1moR5b-kZ6Bgck8,Almina@Docklands,Docklands,TRUE,TRUE,TRUE,FALSE,FALSE,FALSE,TRUE,TRUE,FALSE,FALSE,TRUE,3.5
1014829,4.3,264,3,Steakhouse,ChIJVb3BOl1d1moRw5SofFEAhcs,Steakhouse Grill 66,Docklands,FALSE,TRUE,TRUE,TRUE,TRUE,TRUE,TRUE,TRUE,TRUE,TRUE,TRUE,3.5
722342,3.7,171,3,Indian,ChIJo7ELLl1d1moRpMkA8RZuQtU,Bhoj Restaurant,Docklands,TRUE,TRUE,TRUE,TRUE,FALSE,FALSE,TRUE,TRUE,TRUE,TRUE,TRUE,3.5
805770,4,99,3,Mediterranean,ChIJJUQqO0Nd1moRkcwfMYTfaOM,"Achelya Restaurant, Cafe & Bar",Docklands,TRUE,TRUE,TRUE,TRUE,TRUE,TRUE,TRUE,TRUE,FALSE,TRUE,TRUE,3.5
4373160,4.1,74,3,Asian,ChIJQ7OA71td1moRcDGHldt6bHQ,Pok Pok Docklands,Docklands,TRUE,TRUE,TRUE,TRUE,FALSE,FALSE,TRUE,TRUE,FALSE,TRUE,TRUE,3.5
19140287,3.9,9,3,Mediterranean,ChIJRUy38gRd1moRsnvL_C3h6no,YASSAS - THE GREEK WAY (DOCKLANDS),Docklands,TRUE,TRUE,TRUE,TRUE,FALSE,FALSE,TRUE,TRUE,FALSE,TRUE,TRUE,3
12999960,4,29,3,Italian,ChIJVVUVl2dd1moRFsbXyd08cJY,Dock 18,Docklands,FALSE,TRUE,TRUE,TRUE,TRUE,TRUE,TRUE,TRUE,FALSE,TRUE,FALSE,4.5
19139921,4.2,8,3,Thai,ChIJL3HkxqVd1moRo6-gpK07_FQ,Thai Thani Docklands,Docklands,TRUE,TRUE,TRUE,TRUE,FALSE,FALSE,TRUE,TRUE,TRUE,TRUE,TRUE,4.5
3396530,4.2,145,3,Asian,ChIJ6Z3hjlpd1moRngM0SRt9DgI,Nine Elephants Thai Restaurant,Docklands,TRUE,TRUE,TRUE,TRUE,FALSE,FALSE,TRUE,TRUE,FALSE,TRUE,TRUE,4.5
4785103,3.4,59,3,Chinese,ChIJZSCZZWhd1moR8rCoXoWRNAs,Gold Leaf Restaurant,Docklands,TRUE,TRUE,TRUE,TRUE,FALSE,FALSE,TRUE,TRUE,FALSE,TRUE,TRUE,4
1014448,4.1,359,3,Italian,ChIJg9BhK11d1moR9bkSU6EBXbQ,Renzo's Bar,Docklands,TRUE,TRUE,TRUE,TRUE,FALSE,FALSE,TRUE,TRUE,FALSE,TRUE,TRUE,3.5
8736418,4.1,58,3,Bar,ChIJ87xcp15d1moRKQkIyhD0WJo,TAP831,Docklands,FALSE,TRUE,TRUE,TRUE,FALSE,FALSE,TRUE,TRUE,TRUE,TRUE,TRUE,4
2318629,4,242,3,Bar,ChIJRav1jVpd1moRHiehg0PNjbw,Platform 28,Docklands,FALSE,TRUE,TRUE,TRUE,FALSE,TRUE,TRUE,TRUE,TRUE,TRUE,TRUE,4
17615609,3.9,6,3,Japanese,ChIJH871CnRd1moROdIc0ILdMmQ,Fukutontei Ramen Docklands,Docklands,TRUE,TRUE,TRUE,TRUE,FALSE,FALSE,TRUE,TRUE,FALSE,FALSE,TRUE,3.5
12275529,3.8,51,1,Asian,ChIJjanRFGhd1moRsvJsmWaR6KA,Old Man Pho Docklands - Vietnamese Restaurant,Docklands,TRUE,TRUE,FALSE,TRUE,TRUE,FALSE,TRUE,TRUE,FALSE,FALSE,TRUE,3.5
13196451,4.7,0,3,Other,ChIJBVT8tZ1C1moR3IU3WuZdzcM,üç¥Cucinetta Melb South Yarra - Italian Restaurant Est. 2013,South Yarra,TRUE,TRUE,TRUE,TRUE,FALSE,FALSE,TRUE,TRUE,TRUE,TRUE,TRUE,0
10466626,4.5,91,4,International,ChIJQ_3VNiRo1moRooREwqEzkhc,Atlas Dining,South Yarra,TRUE,TRUE,TRUE,TRUE,FALSE,FALSE,TRUE,TRUE,TRUE,TRUE,TRUE,4
723201,4.5,489,3,Italian,ChIJm1oZ3IJC1moRp2og8RmmUxM,Caffe e Cucina,South Yarra,FALSE,TRUE,TRUE,TRUE,FALSE,FALSE,TRUE,TRUE,FALSE,TRUE,TRUE,4
724013,4.5,273,4,Italian,ChIJUc9Lz51C1moRn6zjuDZgzu4,Da Noi,South Yarra,FALSE,TRUE,TRUE,TRUE,FALSE,FALSE,TRUE,TRUE,TRUE,TRUE,TRUE,4
11712324,4.3,112,3,Steakhouse,ChIJL3fHDINC1moRHS67xr68fio,The Meat & Wine Co South Yarra,South Yarra,FALSE,TRUE,TRUE,TRUE,FALSE,FALSE,TRUE,TRUE,TRUE,TRUE,TRUE,4
4038885,4.6,283,3,Italian,ChIJK3URt4JC1moRRZS4-HardUU,Thirty Eight Chairs,South Yarra,FALSE,TRUE,TRUE,TRUE,FALSE,TRUE,TRUE,TRUE,TRUE,TRUE,TRUE,4.5
944556,4.6,355,3,French,ChIJb_hh2yRo1moR4rbmucYGPuQ,Chez Olivier Le Bistro,South Yarra,FALSE,TRUE,TRUE,TRUE,FALSE,FALSE,TRUE,TRUE,FALSE,TRUE,TRUE,4.5
17713443,4.6,42,3,European,ChIJC7lsQJ5C1moRdqnGg4UJVIM,Omnia Bistro & Bar,South Yarra,TRUE,TRUE,TRUE,TRUE,FALSE,FALSE,TRUE,TRUE,TRUE,TRUE,TRUE,4.5
3350617,4.7,61,3,Italian,ChIJMbjq351C1moRIF6yNSR_YOs,üç¥Cosi Bar Ristorante South Yarra - Italian Restaurant since 1996,South Yarra,TRUE,TRUE,TRUE,TRUE,FALSE,FALSE,TRUE,TRUE,FALSE,TRUE,TRUE,4.5
10441516,4.7,70,3,Steakhouse,ChIJESEEXoNC1moR8HpsSvFwd_k,Steer Dining Room Restaurant,South Yarra,FALSE,TRUE,TRUE,TRUE,FALSE,FALSE,TRUE,FALSE,TRUE,TRUE,FALSE,4.5
724893,4.3,653,4,French,ChIJo5CTOJ5C1moR4QDlRgXnx84,France-Soir,South Yarra,FALSE,TRUE,TRUE,TRUE,FALSE,FALSE,TRUE,TRUE,FALSE,TRUE,FALSE,4
2616586,4.5,267,3,European,ChIJM3mtIh5o1moRJjBQJHr8fYs,Bistro Gitan,South Yarra,FALSE,TRUE,TRUE,TRUE,FALSE,FALSE,TRUE,TRUE,FALSE,TRUE,FALSE,4.5
11906334,3.9,65,3,Cafe,ChIJZUeIv6FC1moRDgU0kg7V02A,Gilson South Yarra,South Yarra,FALSE,TRUE,TRUE,TRUE,TRUE,TRUE,TRUE,TRUE,TRUE,TRUE,TRUE,3.5
967988,4.6,353,3,Steakhouse,ChIJY3dgAZ1C1moR_8qJy8XIJZw,Squires Loft South Yarra,South Yarra,FALSE,TRUE,TRUE,TRUE,FALSE,FALSE,TRUE,TRUE,TRUE,TRUE,TRUE,4.5
5076484,4.6,106,3,Asian,ChIJ8TSEBYNC1moR7kjIHwFh5Cc,Blossom Thai,South Yarra,TRUE,TRUE,TRUE,TRUE,FALSE,FALSE,TRUE,TRUE,TRUE,TRUE,TRUE,4
13110532,4.5,78,3,Italian,ChIJvUWEEp5C1moRekPwXCImLY8,Bar Carolina,South Yarra,FALSE,TRUE,TRUE,TRUE,FALSE,FALSE,TRUE,TRUE,FALSE,TRUE,TRUE,4
2428166,4,165,3,Chinese,ChIJE4v9FMlC1moRW6YQxOcagjU,Dainty Sichuan Food Â§©Â∫úÂ∑ùËèúÈ¶Ü- South Yarra Store,South Yarra,TRUE,TRUE,TRUE,TRUE,FALSE,FALSE,TRUE,TRUE,FALSE,TRUE,FALSE,4
3733676,3.6,123,3,Asian,ChIJe_t_BYNC1moRnI3Q_Dah5O8,misschu,South Yarra,TRUE,TRUE,TRUE,TRUE,FALSE,FALSE,TRUE,TRUE,TRUE,TRUE,TRUE,4
2658652,3.7,237,3,Australian,ChIJbbpoYYNC1moRYgyPOmY_Lcg,Spoonbill Restaurant and Bar,South Yarra,FALSE,TRUE,TRUE,TRUE,TRUE,TRUE,TRUE,TRUE,FALSE,TRUE,FALSE,4
4471853,4.1,128,3,Italian,ChIJF4Jdw4JC1moRM4fjlCi9Oxs,Chapelli's,South Yarra,TRUE,TRUE,TRUE,TRUE,TRUE,TRUE,TRUE,TRUE,FALSE,TRUE,TRUE,3.5
635984,4.8,0,3,Other,ChIJs1MxQJ5C1moR9n4MraERCWA,25 Toorak Road,South Yarra,FALSE,TRUE,TRUE,FALSE,FALSE,FALSE,TRUE,FALSE,FALSE,TRUE,FALSE,0
1064631,4.1,50,3,Italian,ChIJwzdCz51C1moRYqoaSuVsMyo,La Porchetta South Yarra,South Yarra,TRUE,TRUE,TRUE,TRUE,FALSE,FALSE,TRUE,TRUE,FALSE,TRUE,TRUE,3.5
14154529,4.2,162,4,Caucasian,ChIJt2_DU3dD1moRmyJ310Eupeg,Matilda 159 Domain,South Yarra,FALSE,TRUE,TRUE,TRUE,TRUE,TRUE,TRUE,TRUE,TRUE,TRUE,FALSE,4
4026596,4.3,19,3,Japanese,ChIJrwoEmINC1moRkJpeHmot4lU,Yoshi,South Yarra,TRUE,TRUE,TRUE,TRUE,FALSE,FALSE,TRUE,TRUE,TRUE,TRUE,TRUE,4
23896196,4.3,4,3,Japanese,ChIJP23uetVD1moRCDkMczDiaFY,Oushou,South Yarra,TRUE,TRUE,TRUE,TRUE,FALSE,FALSE,TRUE,TRUE,FALSE,TRUE,TRUE,4
10842264,4.2,34,3,Vietnamese,ChIJw2kzpyto1moRgnRlsM9wG_c,Rock Sugar Melbourne,South Yarra,TRUE,TRUE,TRUE,TRUE,FALSE,TRUE,TRUE,TRUE,TRUE,TRUE,TRUE,4
11832441,4.2,197,3,International,ChIJBQfqHSZo1moRIO1xCGLLEcU,Abacus Bar & Kitchen,South Yarra,FALSE,TRUE,TRUE,TRUE,TRUE,TRUE,TRUE,TRUE,TRUE,TRUE,TRUE,4
12266538,4.7,22,3,Asian,ChIJHWGUBYNC1moRtdi6fPmfVFs,Mai Jia,South Yarra,TRUE,TRUE,TRUE,TRUE,FALSE,FALSE,TRUE,TRUE,FALSE,TRUE,TRUE,4.5
11916570,4.8,48,3,Australian,ChIJJTaspYNC1moR0c_HxSikmk0,Shadowboxer Bar & Kitchen,South Yarra,FALSE,TRUE,TRUE,TRUE,FALSE,FALSE,FALSE,FALSE,FALSE,TRUE,TRUE,4.5
5801506,4.3,85,3,Italian,ChIJDdtKACZo1moRUF-scQD8kQE,Speakeasy Kitchen Bar,South Yarra,TRUE,TRUE,TRUE,TRUE,TRUE,TRUE,TRUE,TRUE,TRUE,TRUE,TRUE,4
9591194,4.3,89,3,Italian,ChIJ1VZeWylo1moRnvWbGg91Z0o,48h Pizza e Gnocchi Bar South Yarra,South Yarra,TRUE,TRUE,TRUE,TRUE,FALSE,FALSE,TRUE,TRUE,FALSE,TRUE,TRUE,4.5
2012164,4.3,92,3,Italian,ChIJQUDpsZ1C1moRU2qFNE4dZ78,Versachis Pizza & Wine Bar South Yarra,South Yarra,TRUE,TRUE,TRUE,TRUE,FALSE,FALSE,TRUE,TRUE,TRUE,TRUE,TRUE,4.5
3651666,3.3,24,1,Indian,ChIJe4YrIZ1C1moRgWNJv1M4wy4,The Yarra Indian,South Yarra,TRUE,TRUE,TRUE,FALSE,FALSE,FALSE,TRUE,TRUE,TRUE,FALSE,TRUE,3.5
15439909,4.3,10,3,Other,ChIJfYTcEiho1moRquPvOLHoUhg,Hecho en Mexico South Yarra,South Yarra,TRUE,TRUE,TRUE,TRUE,FALSE,TRUE,TRUE,TRUE,FALSE,TRUE,TRUE,3
3184103,4.3,64,3,Bar,ChIJ-9kBvIJC1moRSgjbhSU_eLk,Imperial South Yarra,South Yarra,TRUE,TRUE,TRUE,TRUE,FALSE,TRUE,TRUE,TRUE,TRUE,TRUE,TRUE,3.5
20234750,4.1,1,1,Asian,ChIJfdMGT1xD1moRNkKCEce-q80,7 ZAAB THAI RESTAURANT by OZZYTHAI,South Yarra,TRUE,TRUE,FALSE,TRUE,FALSE,FALSE,TRUE,TRUE,TRUE,TRUE,TRUE,5
721711,4.5,166,3,Asian,ChIJY_Y6eiho1moRB0s9JERUDE0,Oriental Teahouse South Yarra,South Yarra,TRUE,TRUE,TRUE,TRUE,FALSE,TRUE,TRUE,TRUE,TRUE,TRUE,TRUE,4
2093053,4.3,85,3,Italian,ChIJ8cuP6Cto1moRNca653r6fkk,Fratellino,South Yarra,TRUE,TRUE,TRUE,TRUE,FALSE,FALSE,TRUE,FALSE,FALSE,TRUE,TRUE,4
1079578,4.5,208,4,Seafood,ChIJrVRewKFC1moRqurLpmm_Hy4,Bacash Restaurant,South Yarra,FALSE,TRUE,TRUE,TRUE,FALSE,FALSE,TRUE,TRUE,FALSE,TRUE,FALSE,4.5
945182,4.2,165,3,Chinese,ChIJfdJB1ZxC1moRL09Y_pAwjp8,Pacific Seafood BBQ House South Yarra,South Yarra,TRUE,TRUE,TRUE,TRUE,FALSE,FALSE,TRUE,TRUE,FALSE,TRUE,TRUE,4
3377541,4.2,177,3,Bar,ChIJ8fI8qJ1C1moR3GTCl4EW2y4,Cafe Republic.,South Yarra,TRUE,TRUE,TRUE,TRUE,TRUE,TRUE,TRUE,TRUE,FALSE,TRUE,TRUE,4
13214087,4.2,30,3,Chinese,ChIJx26XbJ5C1moR6HqMxAK-5ts,Tao Dumplings,South Yarra,TRUE,TRUE,TRUE,TRUE,FALSE,FALSE,TRUE,TRUE,TRUE,TRUE,TRUE,4
8653215,4.2,30,3,Japanese,ChIJG-XFUYNC1moR_1JQnQr2qns,Two Wrongs,South Yarra,TRUE,TRUE,TRUE,TRUE,FALSE,TRUE,TRUE,TRUE,TRUE,TRUE,TRUE,3.5
7744765,4.3,105,3,Italian,ChIJrXYP7oRC1moRKAtFEqBiyv8,A25 Pizzeria,South Yarra,TRUE,TRUE,TRUE,TRUE,FALSE,TRUE,TRUE,TRUE,TRUE,TRUE,TRUE,4
11831374,4.5,36,3,Japanese,ChIJWWvkgmhD1moRXp8v2DveBsY,"Mr.Tam Asian Fusion Restaurant - Dating, Modern, Dining ,Sashimi, Sake, Whiskey",South Yarra,TRUE,TRUE,TRUE,TRUE,FALSE,TRUE,TRUE,TRUE,FALSE,TRUE,TRUE,4.5
6222854,4.9,29,3,Cafe,ChIJrUufwYNC1moRVKyp6OMEMUE,Verve Spice,South Yarra,TRUE,TRUE,TRUE,TRUE,FALSE,FALSE,TRUE,FALSE,TRUE,TRUE,TRUE,4.5
3861852,4.1,73,3,Indian,ChIJEw3GpINC1moRSIyOw1VxXfg,Spice Club Indian Brasserie,South Yarra,TRUE,TRUE,TRUE,TRUE,FALSE,TRUE,TRUE,TRUE,TRUE,TRUE,TRUE,4.5
2060032,4.2,241,1,Seafood,ChIJ47mcnIRC1moR8iwvQ9eznQY,Hunky Dory Fish & Chips South Yarra,South Yarra,TRUE,TRUE,FALSE,TRUE,FALSE,FALSE,TRUE,TRUE,FALSE,TRUE,TRUE,4.5
23318864,4.6,17,3,Latin,ChIJe_tJ-7VD1moRvLTT4yecfZw,Lona Misa,South Yarra,FALSE,TRUE,TRUE,TRUE,TRUE,FALSE,TRUE,TRUE,TRUE,TRUE,TRUE,4.5
807493,4,117,3,Japanese,ChIJx2vR3IJC1moReeGxCnG0bSQ,Kanpai,South Yarra,FALSE,TRUE,TRUE,TRUE,FALSE,FALSE,TRUE,TRUE,FALSE,TRUE,TRUE,3.5
8863082,4.7,51,3,American,ChIJW-4rQCho1moRuSTwOobeODY,Leonards House Of Love,South Yarra,TRUE,TRUE,FALSE,TRUE,FALSE,FALSE,FALSE,FALSE,FALSE,TRUE,TRUE,4.5
1100738,4.2,1131,3,Italian,ChIJ9f7HQrJC1moRwo_U9X7VL-E,"La Camera, Italian Restaurant",Southbank,FALSE,TRUE,TRUE,TRUE,FALSE,TRUE,TRUE,TRUE,TRUE,TRUE,TRUE,4
728785,4.3,284,3,European,ChIJgZOibbFC1moRsAR-TgIQ340,The Deck Southbank,Southbank,FALSE,TRUE,TRUE,TRUE,TRUE,TRUE,TRUE,TRUE,TRUE,TRUE,FALSE,4
2559494,4.3,835,3,Bar,ChIJFwC1lrJC1moRjtLuCpWlcF0,Left Bank Melbourne Restaurant & Cocktail Bar,Southbank,FALSE,TRUE,TRUE,TRUE,TRUE,TRUE,TRUE,TRUE,TRUE,TRUE,TRUE,3.5
1010203,4.3,1468,3,Steakhouse,ChIJjXmoUa1C1moRMhlWBIe9Jpg,The Meat & Wine Co Southbank,Southbank,FALSE,TRUE,TRUE,TRUE,FALSE,FALSE,TRUE,TRUE,TRUE,TRUE,TRUE,4
10200811,4,396,3,Mediterranean,ChIJcScB2rNC1moRZSBo-Wm8C-0,YASSAS - THE GREEK WAY (SOUTHBANK),Southbank,TRUE,TRUE,TRUE,TRUE,FALSE,TRUE,TRUE,TRUE,TRUE,TRUE,TRUE,4
9581488,4,507,3,Italian,ChIJ1zaYQrFC1moRYTQxlnRsC_0,Teatro Restaurant,Southbank,FALSE,TRUE,TRUE,TRUE,FALSE,TRUE,TRUE,TRUE,TRUE,TRUE,TRUE,4
12866890,4.1,126,3,Contemporary,ChIJq6r217NC1moRLKIcjBXmx5g,Pure South Kitchen,Southbank,FALSE,TRUE,TRUE,TRUE,TRUE,TRUE,TRUE,TRUE,FALSE,TRUE,TRUE,4
3674369,4.2,649,3,Australian,ChIJ6eEhZa1C1moR4Ls34LGLXvE,The Breslin Bar & Grill,Southbank,FALSE,TRUE,TRUE,TRUE,FALSE,TRUE,TRUE,TRUE,FALSE,TRUE,FALSE,4
23774552,4.5,5,3,Asian,ChIJfS2hGdpD1moR6PmNDzQdW4M,Old Man Pho Southbank,Southbank,TRUE,TRUE,TRUE,TRUE,FALSE,FALSE,TRUE,TRUE,TRUE,TRUE,TRUE,4
2060002,3.9,1567,4,Seafood,ChIJs-Q2IlNd1moRCKATMhnSiEc,The Atlantic,Southbank,FALSE,TRUE,TRUE,TRUE,FALSE,FALSE,TRUE,TRUE,FALSE,TRUE,FALSE,4
722561,4,668,3,Contemporary,ChIJiVdW17NC1moR-szxoi5qpgo,Bluetrain,Southbank,FALSE,TRUE,TRUE,TRUE,FALSE,FALSE,TRUE,TRUE,FALSE,TRUE,TRUE,3.5
1918480,3.9,1300,4,Chinese,ChIJwd0Cv1Jd1moRmT612H04gRc,Spice Temple,Southbank,FALSE,TRUE,TRUE,TRUE,FALSE,FALSE,TRUE,TRUE,FALSE,TRUE,FALSE,4
729050,3.6,566,3,Italian,ChIJreaFNbJC1moRpXUSN5IQbmk,Tutto Bene,Southbank,FALSE,TRUE,TRUE,TRUE,FALSE,FALSE,TRUE,TRUE,FALSE,TRUE,TRUE,3.5
777277,4.2,926,4,Contemporary,ChIJBTyUPlpD1moRX_z9jQURl7A,Pure South Dining,Southbank,FALSE,TRUE,TRUE,TRUE,TRUE,TRUE,TRUE,TRUE,FALSE,TRUE,TRUE,4
6936645,3.7,70,3,International,ChIJLYGSDq1C1moRjaITAwWr2f8,Dee Casa - Restaurant & Bar,Southbank,TRUE,TRUE,TRUE,TRUE,TRUE,FALSE,TRUE,TRUE,FALSE,TRUE,TRUE,3.5
10670036,3.4,487,3,Italian,ChIJ0w7Po7JC1moRkfnUvgHePjQ,Criniti's Southbank,Southbank,TRUE,TRUE,TRUE,TRUE,TRUE,TRUE,TRUE,TRUE,TRUE,TRUE,TRUE,3
7721151,4,460,3,Italian,ChIJ2d9nj7JC1moRvdqDm0DSNCQ,Soho Restaurant and Bar,Southbank,FALSE,TRUE,TRUE,TRUE,FALSE,FALSE,TRUE,TRUE,TRUE,TRUE,TRUE,3.5
15068499,4.4,204,4,Argentinean,ChIJ4xaW-AJD1moR-4fAxvspuR0,Asado,Southbank,FALSE,TRUE,TRUE,TRUE,TRUE,TRUE,TRUE,TRUE,TRUE,TRUE,FALSE,4
725954,4.2,54,3,International,ChIJJXFPe7FC1moR0iR-cRU7_F0,Jarrah Restaurant & Bar,Southbank,FALSE,TRUE,TRUE,TRUE,TRUE,FALSE,TRUE,TRUE,FALSE,TRUE,FALSE,4
783642,4.1,1957,4,Steakhouse,ChIJs-Q2IlNd1moRXYbJPnkbnjY,Rockpool Bar & Grill,Southbank,FALSE,TRUE,TRUE,TRUE,FALSE,FALSE,TRUE,TRUE,TRUE,TRUE,TRUE,4
727213,4.1,323,3,Japanese,ChIJ4QDlhK1C1moRHe7gAH08xSo,Miyako Japanese Cuisine & Teppanyaki,Southbank,TRUE,TRUE,TRUE,TRUE,FALSE,FALSE,TRUE,TRUE,TRUE,TRUE,TRUE,4
3619244,4,993,4,Italian,ChIJuf4fgVNd1moRCOxhBhnDtyM,Rosetta Ristorante,Southbank,FALSE,TRUE,TRUE,TRUE,FALSE,FALSE,TRUE,TRUE,FALSE,TRUE,FALSE,4
726464,4.3,323,4,Japanese,ChIJs-Q2IlNd1moRcLgzy7bPCDQ,Koko,Southbank,FALSE,TRUE,TRUE,TRUE,FALSE,FALSE,TRUE,TRUE,FALSE,TRUE,FALSE,4
6885990,4.4,63,1,Asian,ChIJLVH3bKlC1moRx3TW_R-cYnw,Ayam Chef,Southbank,TRUE,TRUE,TRUE,TRUE,FALSE,FALSE,TRUE,TRUE,TRUE,TRUE,TRUE,4.5
722266,4,624,3,Australian,ChIJgZOibbFC1moRMjs9MlqIuIc,BearBrass,Southbank,FALSE,TRUE,TRUE,TRUE,TRUE,TRUE,TRUE,TRUE,FALSE,TRUE,TRUE,4
1226200,4,1112,4,French,ChIJs-Q2IlNd1moRkCphqzaZs1Q,Bistro Guillaume,Southbank,FALSE,TRUE,TRUE,TRUE,FALSE,TRUE,TRUE,TRUE,FALSE,TRUE,TRUE,4
13973002,3.8,13,1,Asian,ChIJdQILjrJC1moRkAesYODW0jk,Thailander Riverside Quay,Southbank,TRUE,TRUE,TRUE,TRUE,FALSE,FALSE,TRUE,TRUE,TRUE,TRUE,TRUE,3.5
6643538,4.1,468,3,Other,ChIJn6qqqq1C1moRI9ElnYJOHZ8,Hophaus Bar,Southbank,FALSE,TRUE,TRUE,TRUE,FALSE,FALSE,FALSE,FALSE,FALSE,TRUE,TRUE,4
16652816,4.3,51,3,Seafood,ChIJs-Q2IlNd1moRupUM9Le77E4,Waterfront Southgate,Southbank,FALSE,TRUE,TRUE,TRUE,FALSE,FALSE,TRUE,TRUE,TRUE,TRUE,FALSE,4.5
786674,3.9,1456,4,Japanese,ChIJs-Q2IlNd1moRSMORcPpPc54,Nobu,Southbank,TRUE,TRUE,TRUE,TRUE,FALSE,FALSE,TRUE,TRUE,FALSE,TRUE,FALSE,4
7844745,4.2,1087,3,Italian,ChIJuf4fgVNd1moRohOMs6SuXCY,Gradi at Crown Melbourne,Southbank,FALSE,TRUE,TRUE,TRUE,FALSE,FALSE,TRUE,TRUE,TRUE,TRUE,TRUE,4
1176042,3.6,668,3,Italian,ChIJs-Q2IlNd1moRWMeetOC96a8,Cervo,Southbank,FALSE,TRUE,TRUE,TRUE,TRUE,TRUE,TRUE,TRUE,FALSE,TRUE,TRUE,3.5
727891,4,524,3,Chinese,ChIJgZOibbFC1moREGFW5OuNjPk,Red Emperor (Southgate) Chinese Restaurant,Southbank,TRUE,TRUE,TRUE,TRUE,FALSE,FALSE,TRUE,TRUE,TRUE,TRUE,TRUE,4
526956,4.2,2330,3,Other,ChIJd4zT385d1moRRz55NO5nKSE,Burgertory (Southbank),Southbank,TRUE,TRUE,FALSE,FALSE,FALSE,FALSE,TRUE,TRUE,FALSE,FALSE,TRUE,4.5
878050,4.3,1125,4,Seafood,ChIJs-Q2IlNd1moRGGzNOjgw9Hg,Conservatory,Southbank,FALSE,TRUE,TRUE,TRUE,TRUE,TRUE,TRUE,TRUE,TRUE,TRUE,FALSE,4
3825098,3.2,301,3,Chinese,ChIJG2V9klNd1moRPQYIb3q-5EQ,Man Tong Kitchen,Southbank,FALSE,TRUE,TRUE,TRUE,FALSE,FALSE,TRUE,TRUE,TRUE,TRUE,TRUE,3.5
4192036,4.1,255,3,Asian,ChIJ4-k_G65C1moRX3g97je74tA,Blondie Bar,Southbank,TRUE,TRUE,TRUE,TRUE,TRUE,TRUE,TRUE,TRUE,TRUE,TRUE,TRUE,4
3294225,4.1,132,3,Asian,ChIJaThpTshC1moRHUu5_bXML2A,Southbank Noodle Bar,Southbank,TRUE,TRUE,FALSE,FALSE,FALSE,FALSE,TRUE,TRUE,FALSE,FALSE,TRUE,3.5
3447982,4.2,723,3,Japanese,ChIJNU4yR7FC1moRjYwkSIJQblo,Sak√© Restaurant & Bar,Southbank,TRUE,TRUE,TRUE,TRUE,FALSE,FALSE,TRUE,TRUE,FALSE,TRUE,TRUE,4
25154761,4.2,10,3,Bar,ChIJ36msuKFD1moRRp5EwQvZODQ,Yarra Botanica,Southbank,FALSE,TRUE,TRUE,TRUE,FALSE,TRUE,TRUE,TRUE,FALSE,TRUE,FALSE,3.5
14932549,4.7,22,3,Japanese,ChIJQX_3jbJC1moRwI-QdZK3f3g,Infinite Wasabi,Southbank,TRUE,TRUE,TRUE,TRUE,FALSE,FALSE,TRUE,TRUE,TRUE,TRUE,TRUE,4.5
1137940,4.2,432,3,Seafood,ChIJs-Q2IlNd1moRS42RKE6g7k8,Mesh Restaurant,Southbank,FALSE,TRUE,TRUE,TRUE,TRUE,TRUE,TRUE,TRUE,TRUE,TRUE,FALSE,4
2529864,4.7,262,4,International,ChIJZ-xZZrJC1moRuDmVvlWC5fM,Eureka 89,Southbank,FALSE,TRUE,TRUE,TRUE,FALSE,FALSE,TRUE,TRUE,FALSE,TRUE,FALSE,4.5
3188803,0,1519,4,Japanese,ChIJdyhPUdRD1moRGxyrOT-HpwA,Waterfront Dining Brisbane,Southbank,FALSE,TRUE,FALSE,FALSE,FALSE,FALSE,TRUE,TRUE,FALSE,TRUE,TRUE,4
942644,2.7,483,4,Italian,ChIJQW2PlVNd1moRGkH3j2SCNuU,Cucina,Southbank,FALSE,TRUE,TRUE,TRUE,FALSE,FALSE,TRUE,TRUE,TRUE,TRUE,TRUE,4.5
24123929,4.4,8,3,Asian,ChIJ4XiFZh9D1moRKHiz4fLLJ4Y,Miss Pearl Bar + Dining,Southbank,FALSE,TRUE,TRUE,TRUE,FALSE,FALSE,TRUE,TRUE,FALSE,TRUE,FALSE,4
13413015,4.7,59,1,Italian,ChIJASyEGq1C1moRULayAWTRVHg,"Roza‚Äôs Kitchen - Pizza, Burgers, Pasta",Southbank,TRUE,TRUE,TRUE,TRUE,FALSE,TRUE,TRUE,TRUE,TRUE,TRUE,TRUE,4.5
2637291,4.2,588,3,Bar,ChIJA8Rg8bJC1moRmF1fVyw4iqg,Hopscotch Melbourne,Southbank,TRUE,TRUE,TRUE,TRUE,FALSE,FALSE,FALSE,FALSE,FALSE,TRUE,TRUE,3.5
2714775,3.4,696,3,American,ChIJI5Y3PVNd1moRCdX2GRbu8aQ,Merrywell Rooftop,Southbank,FALSE,TRUE,TRUE,TRUE,FALSE,FALSE,TRUE,TRUE,TRUE,TRUE,FALSE,3.5
21004847,4.3,7,3,Asian,ChIJQdoflvJD1moRWvpKUowF9J8,Pot au Feu,Southbank,TRUE,TRUE,TRUE,TRUE,FALSE,FALSE,TRUE,TRUE,FALSE,FALSE,TRUE,5
21387029,0,0,3,Australian,ChIJF8d3c0dD1moR7GhXbcv3078,St Marks Road Co. Southbank,Southbank,FALSE,TRUE,TRUE,TRUE,TRUE,FALSE,TRUE,TRUE,FALSE,TRUE,TRUE,0
9785078,4.8,61,1,Vietnamese,ChIJYdEPcFVd1moRv5JhpIooqr4,Pho A Gogo,Southbank,FALSE,TRUE,TRUE,TRUE,FALSE,FALSE,TRUE,TRUE,TRUE,FALSE,TRUE,4
728319,4.2,367,4,Chinese,ChIJs-Q2IlNd1moRoBwpphuZePA,Silks,Southbank,FALSE,TRUE,TRUE,TRUE,FALSE,FALSE,TRUE,TRUE,TRUE,TRUE,TRUE,3.5
17739042,4.2,51,3,Asian,ChIJVVVVoVNd1moR6axK6ZfedDA,Ging Thai,Southbank,FALSE,TRUE,TRUE,TRUE,FALSE,FALSE,TRUE,TRUE,FALSE,TRUE,TRUE,4
4785677,3.7,142,3,Italian,ChIJhcyLdrJC1moRJQGSvfkx5YY,Sopranos on Southbank,Southbank,TRUE,TRUE,TRUE,TRUE,FALSE,FALSE,TRUE,TRUE,TRUE,TRUE,TRUE,4
23158167,4.6,36,3,Australian,ChIJbVfLiJdD1moRk7I8Ws1zp7w,Farmer's Daughters,CBD Hoddle Grid,FALSE,TRUE,TRUE,TRUE,FALSE,TRUE,TRUE,TRUE,FALSE,TRUE,TRUE,4
734777,3.2,1450,1,Other,ChIJeaP3ykpd1moRxSjfQX83Fk8,The Mill Restaurant - Melbourne CBD Restaurant & Bar,CBD Hoddle Grid,FALSE,TRUE,TRUE,TRUE,TRUE,FALSE,TRUE,TRUE,TRUE,TRUE,TRUE,3.5
4890732,4.4,456,3,Mediterranean,ChIJ9yEuL8lC1moRpVtvu92LyWA,Bombabar,CBD Hoddle Grid,FALSE,TRUE,TRUE,TRUE,FALSE,FALSE,TRUE,TRUE,FALSE,TRUE,FALSE,4.5
14082323,4.6,110,3,Asian,ChIJCUeXS89C1moRd-pK5oFaiDE,Sunda Dining,CBD Hoddle Grid,FALSE,TRUE,TRUE,TRUE,FALSE,FALSE,TRUE,TRUE,TRUE,TRUE,FALSE,4.5
6765132,4.5,1613,3,Japanese,ChIJNVF8Q7ZC1moRarO5qwt4NOA,Supernormal,CBD Hoddle Grid,FALSE,TRUE,TRUE,TRUE,FALSE,TRUE,TRUE,TRUE,TRUE,TRUE,FALSE,4.5
19620026,4.2,34,3,Italian,ChIJi-1K17ND1moRZHS2QIzd3rg,Pepe's Italian & Liquor,CBD Hoddle Grid,FALSE,TRUE,TRUE,TRUE,FALSE,FALSE,TRUE,TRUE,TRUE,TRUE,TRUE,3.5
9873628,4.6,263,3,Australian,ChIJZ9bEx8lC1moR7ahmGWF-7Pk,Embla,CBD Hoddle Grid,FALSE,TRUE,TRUE,TRUE,FALSE,FALSE,FALSE,FALSE,FALSE,TRUE,FALSE,4.5
5102264,4.2,95,3,Mexican,ChIJ11L1vslC1moRY2bUl0toqJ4,Taco Bill - Russell St,CBD Hoddle Grid,TRUE,TRUE,TRUE,TRUE,FALSE,FALSE,TRUE,TRUE,TRUE,TRUE,TRUE,3.5
13133825,4.8,33,3,Chinese,ChIJlwCLNTVd1moR9cBpIXkDe4M,David's Hotpot,CBD Hoddle Grid,TRUE,TRUE,TRUE,TRUE,FALSE,TRUE,TRUE,TRUE,FALSE,TRUE,TRUE,5
757222,4.6,2037,4,Australian,ChIJ4_Vc6dZC1moRlwIXnmb2SgA,Vue de monde,CBD Hoddle Grid,FALSE,TRUE,TRUE,TRUE,FALSE,FALSE,TRUE,TRUE,TRUE,TRUE,FALSE,4.5
3523745,4.5,510,3,Steakhouse,ChIJd4Tekk1d1moRmWbT07fDU6c,Rare Steakhouse Downtown,CBD Hoddle Grid,TRUE,TRUE,TRUE,TRUE,FALSE,FALSE,TRUE,TRUE,TRUE,TRUE,TRUE,4.5
12932984,4.5,56,1,American,ChIJVePWBsZC1moR67oZW_aUbmA,Butchers Diner,CBD Hoddle Grid,TRUE,TRUE,FALSE,TRUE,TRUE,TRUE,TRUE,TRUE,TRUE,TRUE,TRUE,4
5308723,3.9,127,3,Italian,ChIJvVpIlchC1moRgfpgs41vZgA,Cellar Bar,CBD Hoddle Grid,FALSE,TRUE,TRUE,TRUE,TRUE,FALSE,TRUE,TRUE,FALSE,TRUE,FALSE,4
23364608,4.4,7,3,Other,ChIJHyzwEIBd1moRTS3vIrmp2ME,Luci,CBD Hoddle Grid,FALSE,TRUE,TRUE,TRUE,TRUE,FALSE,TRUE,TRUE,TRUE,TRUE,FALSE,4.5
8645894,3.8,38,3,Chinese,ChIJvbwma8lC1moRvfdamzBOvwg,Dainty Sichuan Hot Pot - CBD,CBD Hoddle Grid,TRUE,TRUE,TRUE,TRUE,FALSE,FALSE,TRUE,TRUE,FALSE,TRUE,TRUE,4
5067789,4.1,248,3,Seafood,ChIJOW1Z0XFn1moRy7J6Ku9EJR0,Pier 35 Bar & Grill,Fishermans Bend,FALSE,TRUE,TRUE,TRUE,TRUE,TRUE,TRUE,TRUE,FALSE,TRUE,TRUE,4
4786536,1.6,52,1,Japanese,ChIJ6VLRg65n1moRBGCCDXKApJ0,Sushi Sushi,Fishermans Bend,TRUE,FALSE,FALSE,FALSE,FALSE,FALSE,TRUE,TRUE,FALSE,FALSE,TRUE,4
4791195,4.1,5,3,Other,ChIJ7YQ1h21n1moRISrYQm1opVU,Sabre Cafe,Fishermans Bend,FALSE,TRUE,FALSE,FALSE,TRUE,TRUE,FALSE,TRUE,FALSE,FALSE,TRUE,4.5
26698886,4.2,0,3,Italian,ChIJT9wJyVhn1moRGkTa_n1fHPQ,Elma,Fishermans Bend,TRUE,TRUE,TRUE,TRUE,TRUE,FALSE,TRUE,TRUE,TRUE,TRUE,TRUE,0
9581521,4.3,28,1,Cafe,ChIJKwRx3W1n1moRssWFI_NYy00,Bonnie & Duke Cafe and Grocer,Fishermans Bend,FALSE,TRUE,FALSE,FALSE,TRUE,TRUE,FALSE,TRUE,FALSE,FALSE,TRUE,4.5
15361483,5,7,3,Cafe,ChIJFcCWo4pn1moRH71gqC4XaZ4,Bega Canteen,Fishermans Bend,FALSE,TRUE,FALSE,FALSE,TRUE,FALSE,FALSE,TRUE,FALSE,FALSE,TRUE,4
3343773,5,675,3,Steakhouse,ChIJky5gjJln1moRCQxD7r9Do6g,Port Melbourne SC club restaurant,Fishermans Bend,FALSE,TRUE,FALSE,TRUE,FALSE,FALSE,TRUE,TRUE,FALSE,TRUE,TRUE,4.5
7314896,4.2,146,4,Japanese,ChIJf_tmS4Nn1moRoOyR9hlKIq8,Ootoro,Fishermans Bend,FALSE,TRUE,FALSE,FALSE,FALSE,FALSE,TRUE,TRUE,FALSE,FALSE,TRUE,4
12413177,4.8,12,3,Other,ChIJY8dVSqBn1moRi5lI-U-eenM,Garden Place Take Away,Fishermans Bend,FALSE,FALSE,FALSE,FALSE,TRUE,FALSE,FALSE,TRUE,FALSE,FALSE,TRUE,4.5
21049737,4.9,2,3,Other,ChIJkTWASqBn1moRh_z9WcT_wwk,New Success Take-Away,Fishermans Bend,FALSE,TRUE,FALSE,FALSE,FALSE,FALSE,TRUE,TRUE,FALSE,FALSE,TRUE,3.5
2319703,3.3,7,3,Fast_food,ChIJkRt3vp1n1moRzB5xK-IDAXY,Red Rooster,Fishermans Bend,TRUE,TRUE,FALSE,FALSE,FALSE,TRUE,TRUE,TRUE,FALSE,FALSE,TRUE,3.5
6586270,3.5,65,3,Other,ChIJ6UhMB3Zn1moR2QzlbTQMo0w,Hungry Jack's Burgers Westgate,Fishermans Bend,TRUE,TRUE,FALSE,FALSE,TRUE,FALSE,TRUE,TRUE,TRUE,FALSE,TRUE,4
23858960,0,0,3,Japanese,ChIJS23Z8Gxn1moRC5bwgmgAkPA,Fishermans Bend,Fishermans Bend,FALSE,FALSE,FALSE,FALSE,FALSE,FALSE,FALSE,FALSE,FALSE,FALSE,FALSE,0
13436999,4.5,80,3,Greek,ChIJYWqrcv1n1moR-6m39IUUug4,Tally Kitchen/Catering,Fishermans Bend,TRUE,TRUE,FALSE,FALSE,TRUE,TRUE,TRUE,TRUE,TRUE,FALSE,TRUE,4.5
4176680,4.3,550,3,Asian,ChIJ3xtWEWhd1moRsNeW8ER5MGM,BangPop,Fishermans Bend,TRUE,TRUE,TRUE,TRUE,FALSE,TRUE,TRUE,TRUE,TRUE,TRUE,TRUE,4
20117835,4.9,1,3,Cafe,ChIJk44U_wuJ1moRQRFvee14p9U,7 Fusions,Fishermans Bend,TRUE,TRUE,FALSE,FALSE,FALSE,FALSE,TRUE,TRUE,TRUE,FALSE,TRUE,4
17848207,4.9,726,2,Other,ChIJYRpif1ln1moRUwYd1N9_bmc,Ink-Redible Calamari,Fishermans Bend,FALSE,TRUE,FALSE,FALSE,FALSE,FALSE,TRUE,TRUE,FALSE,FALSE,TRUE,4.5
2423547,4.4,248,3,American,ChIJj-KYTKBn1moRQRxdZL42ncA,Centre Avenue Cafe,Fishermans Bend,FALSE,TRUE,FALSE,FALSE,TRUE,TRUE,FALSE,TRUE,FALSE,FALSE,TRUE,3.5
15212053,3.5,2,3,Australian,ChIJ1VNWXINn1moReREUuyRwegU,Subway,Fishermans Bend,TRUE,TRUE,FALSE,FALSE,TRUE,TRUE,TRUE,TRUE,TRUE,FALSE,TRUE,3.5
