cuisine,place_id,name,formatted_address,user_ratings_total,rating,geometry.location.lat,geometry.location.lng,price_level,suburb,delivery,dine_in,reservable,serves_beer,serves_breakfast,serves_brunch,serves_dinner,serves_lunch,serves_vegetarian_food,serves_wine,takeout,wheelchair_accessible_entrance,curbside_pickup
Italian,ChIJa5rRhNZC1moRL8SAEYrRY4I,Tiamo,"303 Lygon St, Carlton VIC 3053, Australia",2600,4.3,-37.7981809,144.9670753,2,Carlton,TRUE,TRUE,TRUE,TRUE,TRUE,TRUE,TRUE,TRUE,TRUE,TRUE,TRUE,TRUE,NA
Italian,ChIJJZA5ACdD1moRxIAdHMr3F4s,Scopri Italian Food and Wine,"191 Nicholson St, Carlton VIC 3053, Australia",806,4.8,-37.7956767,144.9749552,3,Carlton,FALSE,TRUE,TRUE,TRUE,FALSE,NA,TRUE,TRUE,NA,TRUE,TRUE,NA,NA
Chinese,ChIJ319l-epD1moRJXzSVfcf1nA,Lagoon Dining,"263 Lygon St, Carlton VIC 3053, Australia",215,4.6,-37.7992952,144.9670943,NA,Carlton,TRUE,TRUE,TRUE,TRUE,NA,FALSE,TRUE,TRUE,NA,TRUE,TRUE,TRUE,NA
Italian,ChIJFzRCktZC1moRTHQQmIRcP3M,Criniti's Carlton,"198-204 Faraday St, Carlton VIC 3053, Australia",1863,3.6,-37.7984924,144.9678693,2,Carlton,TRUE,TRUE,TRUE,TRUE,FALSE,TRUE,TRUE,TRUE,TRUE,TRUE,TRUE,TRUE,NA
Italian,ChIJuRAJYc1C1moRK6JyXa-ismI,Kaprica,"50 Grattan St, Carlton VIC 3053, Australia",710,4.3,-37.8006867,144.9678748,2,Carlton,FALSE,TRUE,TRUE,TRUE,NA,NA,TRUE,TRUE,NA,TRUE,TRUE,TRUE,NA
Italian,ChIJpXnV3tdC1moRGzDeeGZK3HA,Capitano Carlton,"421 Rathdowne St, Carlton VIC 3053, Australia",755,4.5,-37.7965143,144.9704931,2,Carlton,TRUE,TRUE,TRUE,TRUE,NA,NA,TRUE,TRUE,TRUE,TRUE,TRUE,TRUE,NA
Asian,ChIJg68CAtJC1moRXcO-N195rWY,Thai City Restaurant,"124 Lygon St, Carlton VIC 3053, Australia",258,4.4,-37.804155,144.96665,2,Carlton,TRUE,TRUE,TRUE,TRUE,NA,NA,TRUE,TRUE,TRUE,TRUE,TRUE,NA,NA
Italian,ChIJs2_xrtZC1moRD45tnsNnPOs,Copperwood Restaurant,"318 Lygon St, Carlton VIC 3053, Australia",631,3.9,-37.7995994,144.967359,2,Carlton,FALSE,TRUE,TRUE,TRUE,FALSE,NA,TRUE,TRUE,NA,TRUE,TRUE,TRUE,NA
European,ChIJT5LLMM5C1moRQpzKBTsbS7Q,Epocha Restaurant,"49 Rathdowne St, Carlton VIC 3053, Australia",700,4.7,-37.8060433,144.9687378,3,Carlton,TRUE,TRUE,TRUE,TRUE,NA,NA,TRUE,TRUE,TRUE,TRUE,TRUE,FALSE,NA
Italian,ChIJG5gufdFC1moR4DDoRmd5L6I,La Spaghettata Restaurant,"238 Lygon St, Carlton VIC 3053, Australia",1157,3.7,-37.8017707,144.9671161,2,Carlton,TRUE,TRUE,TRUE,TRUE,TRUE,NA,TRUE,TRUE,TRUE,TRUE,TRUE,NA,NA
Italian,ChIJa2v1BNJC1moR_XGbXwcSoAg,Universal Restaurant,"141 Lygon St, Carlton VIC 3053, Australia",5498,4.4,-37.8038454,144.9661208,1,Carlton,TRUE,TRUE,TRUE,TRUE,FALSE,TRUE,TRUE,TRUE,TRUE,TRUE,TRUE,TRUE,NA
Asian,ChIJUTD1ldZC1moRIJ1lbzkoFqY,Shakahari,"201-203 Faraday St, Carlton VIC 3053, Australia",393,4.5,-37.798995,144.967807,2,Carlton,NA,TRUE,TRUE,TRUE,FALSE,NA,TRUE,TRUE,TRUE,TRUE,TRUE,NA,NA
Italian,ChIJNQdjayhD1moRPWST-1oT4uc,The Olive Jar,"168/170 Rathdowne St, Carlton VIC 3053, Australia",333,4.5,-37.7953669,144.9710605,2,Carlton,TRUE,TRUE,TRUE,TRUE,NA,NA,TRUE,TRUE,TRUE,TRUE,TRUE,NA,TRUE
French,ChIJz3qT3ddC1moR0e5yjftslXE,Paris Go Bistro,"116 Rathdowne St, Carlton VIC 3053, Australia",321,4.5,-37.7969462,144.9708724,2,Carlton,TRUE,TRUE,TRUE,TRUE,NA,NA,TRUE,TRUE,NA,TRUE,TRUE,NA,NA
Australian,ChIJsZZWVtFC1moRX4Cc8oZA-eY,Il Gambero,"166 Lygon St, Carlton VIC 3053, Australia",1112,4.3,-37.8032876,144.966713,2,Carlton,TRUE,TRUE,TRUE,TRUE,FALSE,NA,TRUE,TRUE,NA,TRUE,TRUE,TRUE,NA
Italian,ChIJ9wudbmFD1moRkIc2AvgJYBQ,THAI 29 RESTAURANT (CARLTON),"176 Rathdowne St, Carlton VIC 3053, Australia",70,4.4,-37.795242,144.971161,NA,Carlton,TRUE,TRUE,TRUE,TRUE,NA,NA,TRUE,TRUE,TRUE,TRUE,TRUE,NA,NA
Contemporary,ChIJo332KH9D1moRbva-tqavOIY,Kazuki's Restaurant,"121 Lygon St, Carlton VIC 3053, Australia",180,4.7,-37.8041665,144.9661644,NA,Carlton,FALSE,TRUE,TRUE,TRUE,NA,NA,TRUE,TRUE,TRUE,TRUE,FALSE,TRUE,NA
Italian,ChIJF5Nlh9ZC1moRDINfpKG1o1o,Heartattack and Vine,"329 Lygon St, Carlton VIC 3053, Australia",673,4.6,-37.7976457,144.9672841,2,Carlton,FALSE,TRUE,TRUE,TRUE,NA,NA,NA,NA,NA,TRUE,TRUE,NA,NA
Italian,ChIJYYCx7wND1moRY3QO3Irt8HQ,Al Dente Enoteca Restaurant,"161 Nicholson St, Carlton VIC 3053, Australia",214,4.8,-37.7964126,144.9748731,NA,Carlton,TRUE,TRUE,TRUE,TRUE,NA,NA,TRUE,TRUE,NA,TRUE,TRUE,NA,FALSE
Italian,ChIJOQgKr9ZC1moRDqq5NwQt43Q,Donnini's,"320 Lygon St, Carlton VIC 3053, Australia",624,4.4,-37.7994889,144.9673139,2,Carlton,NA,TRUE,TRUE,TRUE,FALSE,NA,TRUE,TRUE,NA,TRUE,TRUE,TRUE,NA
Lebanese,ChIJoZhs69dC1moRpdaO5bTABe8,Abla's,"109 Elgin St, Carlton VIC 3053, Australia",379,4.4,-37.7977139,144.9710972,2,Carlton,TRUE,TRUE,TRUE,TRUE,NA,NA,TRUE,TRUE,NA,TRUE,TRUE,NA,NA
Italian,ChIJK-sJYNFC1moR6pZQ8fWqHKc,Seasons Provedore,"199 Lygon St, Carlton VIC 3053, Australia",785,4.3,-37.800967,144.966654,2,Carlton,TRUE,TRUE,TRUE,TRUE,FALSE,FALSE,TRUE,TRUE,TRUE,TRUE,TRUE,TRUE,NA
Italian,ChIJWQrHZdFC1moRJf8B9oWuX1Y,Piccolo Mondo,"240 Lygon St, Carlton VIC 3053, Australia",849,4.1,-37.8015526,144.9670786,2,Carlton,TRUE,TRUE,TRUE,TRUE,NA,NA,TRUE,TRUE,NA,TRUE,TRUE,NA,FALSE
Italian,ChIJ4_Vc6dZC1moRN1hVYbjEiP8,DOC Pizza & Mozzarella Bar - Carlton,"295 Drummond St, Carlton VIC 3053, Australia",2453,4.3,-37.7989852,144.9684548,2,Carlton,TRUE,TRUE,TRUE,TRUE,FALSE,FALSE,TRUE,TRUE,TRUE,TRUE,TRUE,FALSE,NA
Italian,ChIJUdJn1tNC1moRuPMhbf96oIk,Stuzzichino Restaurant & Bar,"169 Lygon St, Carlton VIC 3053, Australia",256,4.2,-37.8017254,144.9665593,NA,Carlton,TRUE,TRUE,TRUE,TRUE,TRUE,TRUE,TRUE,TRUE,NA,TRUE,TRUE,TRUE,NA
Italian,ChIJJb5IAtJC1moRotUKafEC8ao,Da Guido La Pasta,"130 Lygon St, Carlton VIC 3053, Australia",1044,4.5,-37.804024,144.9665786,2,Carlton,FALSE,TRUE,TRUE,TRUE,FALSE,FALSE,TRUE,TRUE,NA,TRUE,TRUE,NA,NA
Lebanese,ChIJG9I339NC1moRc9yO0aDDCHA,Tabouli,"189 Lygon St, Carlton VIC 3053, Australia",348,4.6,-37.8012945,144.9666236,2,Carlton,TRUE,TRUE,TRUE,TRUE,NA,NA,TRUE,TRUE,TRUE,TRUE,TRUE,TRUE,NA
Italian,ChIJoaITVyVD1moRRc0nZi0ISpg,La Porchetta Carlton North,"392 Rathdowne St, Carlton North VIC 3054, Australia",516,4.1,-37.7882017,144.9722761,2,Carlton,TRUE,TRUE,TRUE,TRUE,FALSE,NA,TRUE,TRUE,TRUE,TRUE,TRUE,TRUE,NA
European,ChIJl1h079ZC1moRvDBPl2x_L5Y,Carlton Wine Room,"172-174 Faraday St, Carlton VIC 3053, Australia",724,4.7,-37.7986111,144.9686111,3,Carlton,FALSE,TRUE,TRUE,TRUE,FALSE,NA,TRUE,TRUE,TRUE,TRUE,NA,TRUE,NA
Italian,ChIJDb3e0TZD1moR3n7_vJ9sGyg,Di Stasio Carlton,"224 Faraday St, Carlton VIC 3053, Australia",251,3.4,-37.7984128,144.9668458,NA,Carlton,TRUE,TRUE,TRUE,TRUE,NA,NA,TRUE,TRUE,NA,TRUE,TRUE,TRUE,NA
Italian,ChIJ0ZRJ8dZC1moRBEDHtt4HFC8,Masani Italian Dining & Terrace,"313/315 Drummond St, Carlton VIC 3053, Australia",142,4.1,-37.7984018,144.9685483,3,Carlton,FALSE,TRUE,TRUE,TRUE,NA,NA,TRUE,TRUE,TRUE,TRUE,FALSE,TRUE,NA
Steakhouse,ChIJq3jpXS9D1moR3RVbdfkIqRs,La Luna Bistro,"320 Rathdowne St, Carlton North VIC 3054, Australia",566,4.6,-37.7911131,144.9718724,3,Carlton,FALSE,TRUE,TRUE,TRUE,FALSE,NA,TRUE,TRUE,TRUE,TRUE,NA,NA,NA
Pizza,ChIJoUcXFShD1moRvpVaSBcXB1U,Ziyka Restaurant,"234-236 Lygon St, Carlton VIC 3053, Australia",4889,4.3,-37.8016796,144.9672055,1,Carlton,TRUE,TRUE,TRUE,FALSE,FALSE,FALSE,TRUE,TRUE,TRUE,FALSE,TRUE,TRUE,TRUE
Chinese,ChIJadVBBddC1moRQ2acccqSVM0,East Imperial,"323 Rathdowne St, Carlton VIC 3053, Australia",230,4.2,-37.7991049,144.9700469,2,Carlton,TRUE,TRUE,TRUE,TRUE,NA,NA,TRUE,TRUE,NA,TRUE,TRUE,NA,NA
Bar,ChIJVwLea9ZC1moR4ktkrL0ASi8,Green Man's Arms Bar and Restaurant,"418 Lygon St, Carlton VIC 3053, Australia",873,4.5,-37.7969369,144.9677723,2,Carlton,FALSE,TRUE,TRUE,TRUE,NA,NA,TRUE,TRUE,TRUE,TRUE,TRUE,NA,NA
Mexican,ChIJk7yyY3FD1moRhHQZ08r9Wnk,La Cabra Mexican,"149 Lygon St, Carlton VIC 3053, Australia",260,4.4,-37.803698,144.966148,NA,Carlton,TRUE,TRUE,TRUE,TRUE,NA,TRUE,TRUE,TRUE,TRUE,TRUE,TRUE,TRUE,TRUE
Italian,ChIJpx6ZRNZC1moR9uwVZGupXkQ,Gemma Simply Italian,"183 Elgin St, Carlton VIC 3053, Australia",555,4.5,-37.7973853,144.968441,2,Carlton,TRUE,TRUE,TRUE,TRUE,NA,NA,TRUE,TRUE,TRUE,TRUE,TRUE,NA,NA
Italian,ChIJNS3-SNFC1moRSjpFcOCgHgI,Mr Pietro,"50 Grattan St, Carlton VIC 3053, Australia",121,4.2,-37.8006869,144.9678756,NA,Carlton,NA,TRUE,TRUE,TRUE,NA,NA,TRUE,TRUE,NA,TRUE,TRUE,NA,NA
Egyptian,ChIJWWHZ3tNC1moRJGds6OvI02Y,Leyalina,"191 Lygon St, Carlton VIC 3053, Australia",801,4.5,-37.8011355,144.9665404,2,Carlton,TRUE,TRUE,TRUE,TRUE,FALSE,FALSE,TRUE,FALSE,TRUE,TRUE,TRUE,TRUE,NA
Asian,ChIJ85nTnFBD1moRabBHwOY8Glk,Okra Sri Lankan Cuisine,"166 Rathdowne St, Carlton VIC 3053, Australia",140,4.8,-37.7954277,144.9710507,NA,Carlton,TRUE,TRUE,NA,NA,TRUE,TRUE,TRUE,TRUE,TRUE,NA,TRUE,NA,NA
Italian,ChIJU0MiVtFC1moR0ITexL30p4g,Papa Gino's,"221 Lygon St, Carlton VIC 3053, Australia",1893,4.3,-37.8002129,144.9668387,1,Carlton,TRUE,TRUE,TRUE,TRUE,FALSE,NA,TRUE,TRUE,NA,TRUE,TRUE,TRUE,NA
Italian,ChIJCx-TVdFC1moRqlEsKzufEU4,Cafe Corretto,"227 Lygon St, Carlton VIC 3053, Australia",994,4.1,-37.7999901,144.966876,2,Carlton,TRUE,TRUE,TRUE,TRUE,TRUE,TRUE,TRUE,TRUE,NA,TRUE,TRUE,TRUE,NA
Italian,ChIJzUJtZ9FC1moR29GkS4f4wA4,Il Gusto,"256 Lygon St, Carlton VIC 3053, Australia",362,3.1,-37.801178,144.9670748,2,Carlton,TRUE,TRUE,TRUE,TRUE,NA,NA,TRUE,TRUE,NA,TRUE,TRUE,NA,NA
Bar,ChIJ9ef41tNC1moRt5H3ZbSBYVI,MIXITY Restaurant and Cafe,"171 Lygon St, Carlton VIC 3053, Australia",1439,4.6,-37.801665,144.966565,2,Carlton,TRUE,TRUE,TRUE,TRUE,NA,NA,TRUE,TRUE,TRUE,TRUE,TRUE,TRUE,NA
Italian,ChIJV1uGYtFC1moRuQ74n9--3dY,Cafe Cavallino,"181-187 Lygon St, Carlton VIC 3053, Australia",1035,4.1,-37.8013585,144.9665805,2,Carlton,FALSE,TRUE,TRUE,TRUE,NA,TRUE,TRUE,TRUE,NA,TRUE,TRUE,TRUE,NA
Japanese,ChIJGWoQsM5D1moRAhKHKPD1178,Torissong,"Shop2/143 Queensberry St, Carlton VIC 3053, Australia",706,4.4,-37.8047947,144.9639109,2,Carlton,NA,TRUE,TRUE,TRUE,TRUE,TRUE,TRUE,TRUE,NA,TRUE,TRUE,TRUE,NA
Latin,ChIJ7VH3cIlD1moRqKJMYoMFPOo,"La Tonada Restaurant, Cocktail Bar &wine. Spanish paella & Colombian food","687 Rathdowne St, Carlton North VIC 3054, Australia",203,4.8,-37.7889052,144.9717675,NA,Carlton,TRUE,TRUE,TRUE,TRUE,NA,TRUE,TRUE,TRUE,NA,TRUE,TRUE,TRUE,NA
Middle_eastern,ChIJs86AXhpD1moRsSunerOUTfw,Mint & Co.,"62 University St, Carlton VIC 3053, Australia",1659,4.2,-37.7993597,144.9677547,NA,Carlton,TRUE,TRUE,TRUE,TRUE,TRUE,TRUE,TRUE,TRUE,NA,TRUE,TRUE,TRUE,TRUE
Japanese,ChIJXTvTy9NC1moResqUQkLditE,Don Tojo,"164 Cardigan St, Carlton VIC 3053, Australia",921,4.5,-37.8013596,144.9655228,1,Carlton,TRUE,TRUE,FALSE,TRUE,FALSE,FALSE,TRUE,TRUE,NA,TRUE,TRUE,TRUE,NA
Italian,ChIJH03gTahD1moR2mFxHL_kA24,Aperitivo Bar Ristorante,"275 Lygon St, Carlton VIC 3053, Australia",95,4.6,-37.7990434,144.9670552,NA,Carlton,FALSE,TRUE,FALSE,TRUE,NA,NA,TRUE,TRUE,NA,TRUE,TRUE,TRUE,NA
Australian,ChIJZ1aWcy5d1moRhUqs_665Tdw,Isabella Cafe,"300 Grattan St, Parkville VIC 3052, Australia",43,3.9,-37.7991075,144.9553381,NA,Parkville,NA,TRUE,NA,FALSE,TRUE,TRUE,NA,TRUE,NA,FALSE,TRUE,TRUE,NA
Bar,ChIJRczf8yVd1moR3A-gbWHjBhE,The Farmacy,"48 Flemington Rd, Parkville VIC 3052, Australia",24,4.2,-37.7949609,144.9497837,NA,Parkville,NA,TRUE,TRUE,TRUE,TRUE,TRUE,TRUE,TRUE,NA,TRUE,TRUE,TRUE,NA
Southernitalian,ChIJeRCeFuhc1moR8POatotWCqc,The Member's Lounge @ Reggio Calabria Club,"476 Brunswick Rd, Parkville VIC 3052, Australia",178,4.5,-37.7751458,144.9380559,NA,Parkville,TRUE,TRUE,TRUE,TRUE,NA,NA,TRUE,TRUE,TRUE,TRUE,TRUE,TRUE,NA
Japanese,ChIJG3Knbi9d1moR6SLoLSqmsig,Shuji Sushi,"G1, Royal Children‘s Hospital, 50 Flemington Rd, Parkville VIC 3052, Australia",36,3.4,-37.7941655,144.9493418,1,Parkville,NA,TRUE,NA,FALSE,NA,NA,TRUE,TRUE,NA,FALSE,TRUE,TRUE,NA
Chinese,ChIJ0zWW5CVd1moRqNmEn2r2UCw,Three Pandas Dumpling House,"50 Flemington Rd, Parkville VIC 3052, Australia",96,3.9,-37.794254,144.9493918,NA,Parkville,TRUE,TRUE,NA,FALSE,NA,NA,TRUE,TRUE,NA,NA,TRUE,NA,NA
Fast_food,ChIJSyRSDzJd1moRtFTFbd9Sku8,McDonald's,"Royal Children's Hospital, Flemington Rd, Parkville VIC 3052, Australia",366,3.9,-37.7935429,144.9496746,1,Parkville,TRUE,TRUE,NA,FALSE,TRUE,NA,TRUE,TRUE,TRUE,FALSE,TRUE,TRUE,NA
Asian,ChIJnS5Q8o9D1moRv4p5cEph07M,Roll'd Parkville,"The University of Melbourne. Tenancy SP4, Student Pavilion, Building 162 Monash Rd, Cnr, 761 Swanston St, Parkville VIC 3052, Australia",22,2.8,-37.7986532,144.9637136,NA,Parkville,TRUE,TRUE,NA,NA,TRUE,NA,TRUE,TRUE,TRUE,NA,TRUE,TRUE,FALSE
Malaysian,ChIJKZZBzu9D1moRef10MlolYxw,PappaRich Melbourne Uni,"DM, 6, Building 168/189 Grattan St, Parkville VIC 3052, Australia",13,3.8,-37.7991062,144.9628749,2,Parkville,TRUE,TRUE,NA,NA,NA,NA,TRUE,TRUE,NA,NA,TRUE,TRUE,NA
Asian,ChIJKbx-Pi5d1moRC5HyXzxUfv0,Lanna Thai,"65 Flemington Rd, North Melbourne VIC 3051, Australia",259,4.3,-37.7992987,144.9541034,2,Parkville,TRUE,TRUE,TRUE,TRUE,FALSE,FALSE,TRUE,TRUE,NA,TRUE,TRUE,NA,NA
Cafe,ChIJkdJo8NJc1moR5PR6uu2mNZM,Parkside,"369 Royal Parade, Parkville VIC 3052, Australia",187,4.2,-37.7849727,144.9586345,2,Parkville,FALSE,TRUE,NA,NA,TRUE,TRUE,NA,TRUE,TRUE,NA,TRUE,TRUE,NA
Mediterranean,ChIJ2cJ6gS9d1moRszBoRpEYDpk,Polo Café,"Cnr Flemington Road &, Harker St, North Melbourne VIC 3051, Australia",17,4.4,NA,-37.7972222,NA,Parkville,TRUE,TRUE,TRUE,TRUE,TRUE,NA,TRUE,TRUE,NA,TRUE,TRUE,TRUE,NA
Healthy,ChIJoXgvEqNd1moRWtbnD2xI6Ro,Healthy Choices Salads & Spuds,"Royal Melbourne Hospital, Ground Floor, 300 Grattan St, Parkville VIC 3052, Australia",0,0,NA,-37.7985908,NA,Parkville,NA,TRUE,NA,NA,TRUE,NA,TRUE,TRUE,TRUE,NA,TRUE,TRUE,FALSE
Indian,ChIJe9LnviVd1moReKaaWGULSjI,Royal Kebab Cafe,"193 Flemington Rd, North Melbourne VIC 3051, Australia",363,4.3,NA,-37.7949989,1,Parkville,TRUE,TRUE,NA,FALSE,NA,NA,TRUE,TRUE,NA,FALSE,TRUE,NA,NA
Asian,ChIJ2290PC5d1moRlh5iYJk-9A0,Mum Mum Asian Street Food,"67 Flemington Rd, North Melbourne VIC 3051, Australia",210,4.6,NA,-37.799353,1,Parkville,TRUE,TRUE,TRUE,TRUE,FALSE,FALSE,TRUE,TRUE,TRUE,TRUE,TRUE,TRUE,NA
Japanese,ChIJWT2MP21D1moRSrbBc07fl_E,Moonfishh - Melbourne University,"Student Pavilion, The University of Melbourne Tenancy SP5, Student Pavilion, Building 162 Monash Rd, Cnr, 761 Swanston St, Parkville VIC 3052, Australia",6,4.8,NA,-37.798621,NA,Parkville,NA,TRUE,NA,NA,NA,NA,TRUE,TRUE,NA,NA,TRUE,TRUE,FALSE
Italian,ChIJDb-atVJd1moRDOP2H9AgeUI,Cafe Piccolina,"52 Morrah St, Parkville VIC 3052, Australia",88,4.5,NA,-37.7952893,2,Parkville,NA,TRUE,NA,FALSE,TRUE,TRUE,NA,TRUE,NA,FALSE,TRUE,TRUE,NA
French,ChIJkQgB4SVd1moRNfEY9tvhwEM,Parkville Cafe,"Tenancy B & C 50/54 Flemington Rd, Parkville VIC 3052, Australia",81,3.5,NA,-37.7929997,NA,Parkville,NA,TRUE,NA,NA,TRUE,TRUE,NA,TRUE,NA,NA,TRUE,TRUE,NA
Asian,ChIJr3YpXIhd1moRI29vA7Z2c7Q,Gai Wong,"Shop 1/5-17 Flemington Rd, North Melbourne VIC 3051, Australia",689,4.5,NA,-37.8008832,1,Parkville,TRUE,TRUE,TRUE,FALSE,NA,NA,TRUE,TRUE,NA,FALSE,TRUE,TRUE,NA
Pizza,ChIJtdVOIi5d1moRvkK585QpJWc,Eat Pizza,"55 Flemington Rd, North Melbourne VIC 3051, Australia",350,4.6,NA,-37.7995645,1,Parkville,TRUE,TRUE,FALSE,FALSE,FALSE,FALSE,TRUE,TRUE,NA,FALSE,TRUE,NA,NA
Japanese,ChIJC6iOT_1d1moRuZDIln4vAb4,NARUTO Japanese Restaurant(Parkville),"441 Royal Parade, Parkville VIC 3052, Australia",0,0,TRUE,-37.7830499,NA,Parkville,NA,TRUE,TRUE,TRUE,NA,NA,TRUE,TRUE,NA,TRUE,TRUE,TRUE,NA
Chinese,ChIJq6r-syFd1moRMX0EQl1l9l8,Fat,"435-437 Flemington Rd, North Melbourne VIC 3051, Australia",0,0,NA,-37.7889683,NA,Parkville,TRUE,TRUE,TRUE,NA,NA,NA,TRUE,TRUE,NA,NA,TRUE,NA,NA
Thai,ChIJOelfMDtd1moRy04aDfyfE0E,9 Face Thai Cuisine,"362 Abbotsford St, North Melbourne VIC 3051, Australia",81,4.4,NA,-37.798137,NA,Parkville,TRUE,TRUE,TRUE,FALSE,NA,NA,TRUE,TRUE,TRUE,FALSE,TRUE,FALSE,NA
Italian,ChIJt4ctMupC1moR7Opig3NrfSg,Il Duca,"132 Wellington Parade, East Melbourne VIC 3002, Australia",250,4.4,-37.8162904,144.9857104,2,East Melbourne,TRUE,TRUE,TRUE,TRUE,NA,NA,TRUE,TRUE,TRUE,TRUE,TRUE,TRUE,NA
Italian,ChIJW5Nn5-tC1moR1KnPe_szKQs,Geppetto Trattoria,"78A Wellington Parade, East Melbourne VIC 3002, Australia",474,4.7,-37.8164787,144.9873637,2,East Melbourne,TRUE,TRUE,TRUE,TRUE,NA,NA,TRUE,TRUE,TRUE,TRUE,TRUE,NA,NA
Bar,ChIJoQ71_OtC1moREoPyA323sjY,The Tippler & Co.,"58 Wellington Parade, East Melbourne VIC 3002, Australia",429,4.6,-37.8165595,144.9882328,2,East Melbourne,FALSE,TRUE,TRUE,TRUE,NA,NA,TRUE,TRUE,NA,TRUE,TRUE,NA,NA
French,ChIJdfMFMHVD1moRte8-aR1ODjg,Hemingway's Wine Room,"150 Wellington Parade, East Melbourne VIC 3002, Australia",130,4.5,-37.8161944,144.9849334,NA,East Melbourne,FALSE,TRUE,TRUE,TRUE,NA,NA,TRUE,TRUE,TRUE,TRUE,FALSE,TRUE,NA
Cafe,ChIJo6MB88BC1moR1v_Nuo7gZrA,Bedggood & Co.,"137 Wellington Parade S, East Melbourne VIC 3002, Australia",317,4.6,-37.8168041,144.9800473,2,East Melbourne,FALSE,TRUE,NA,TRUE,TRUE,TRUE,NA,TRUE,TRUE,TRUE,TRUE,TRUE,NA
Cafe,ChIJ_wbFyedC1moRXHca2d3Oj-o,Grocery Bar East Melbourne,"5/412-442 Victoria Parade, East Melbourne VIC 3002, Australia",138,4.2,-37.8099179,144.985236,2,East Melbourne,TRUE,TRUE,NA,TRUE,TRUE,TRUE,TRUE,TRUE,NA,TRUE,TRUE,TRUE,NA
Italian,ChIJiWZcQlZD1moReLf1KVvQ98M,Roccella,"158 Clarendon St, East Melbourne VIC 3002, Australia",923,4.7,-37.8119728,144.9835404,2,East Melbourne,TRUE,TRUE,TRUE,TRUE,TRUE,TRUE,TRUE,TRUE,TRUE,TRUE,TRUE,TRUE,NA
Japanese,ChIJ6ZOWYbdD1moRwHlgVHJwpnU,Pokapoka Japanese Kitchen,"Ground Floor/74 Wellington Parade, East Melbourne VIC 3002, Australia",60,4.6,-37.8165009,144.9876132,NA,East Melbourne,TRUE,TRUE,TRUE,TRUE,NA,NA,TRUE,TRUE,NA,NA,TRUE,TRUE,FALSE
Pizza,ChIJ_wbFyedC1moRsgKzQvFcTwc,Tribeca Pizza Pasta Bar,"412-442 Victoria Parade, East Melbourne VIC 3002, Australia",123,2.3,-37.809918,144.985236,2,East Melbourne,TRUE,TRUE,TRUE,TRUE,NA,TRUE,TRUE,TRUE,NA,TRUE,TRUE,TRUE,NA
Mediterranean,ChIJnUqrC-pC1moRSaUlor_B3vs,The Cliveden Bar & Dining,"192 Wellington Parade, East Melbourne VIC 3002, Australia",63,3.9,-37.8158384,144.9833177,1,East Melbourne,FALSE,TRUE,TRUE,TRUE,TRUE,TRUE,TRUE,TRUE,TRUE,TRUE,NA,TRUE,NA
Indian,ChIJk1ga3utC1moR8KOg_D4H8eQ,Tadka Hut,"82 Wellington Parade, East Melbourne VIC 3002, Australia",273,3.8,-37.816376,144.9872819,1,East Melbourne,TRUE,TRUE,TRUE,TRUE,NA,NA,TRUE,TRUE,TRUE,TRUE,TRUE,NA,NA
Fast_food,ChIJg_RW--FD1moRXpWH31SNusE,Mad Patties East Melbourne,"80 Wellington Parade, East Melbourne VIC 3002, Australia",97,4.9,-37.8164583,144.9873354,NA,East Melbourne,TRUE,TRUE,TRUE,FALSE,NA,NA,TRUE,TRUE,NA,FALSE,TRUE,TRUE,TRUE
Pizza,ChIJVU77zudC1moRUURo26Nfxdg,Gourmet Pizza Bar,"162 Albert St, East Melbourne VIC 3002, Australia",55,2.5,-37.810074,144.985476,NA,East Melbourne,TRUE,TRUE,TRUE,TRUE,NA,NA,TRUE,TRUE,NA,TRUE,TRUE,TRUE,NA
Australian,ChIJNyXg4-tC1moRiLWebsUnJZE,Memoria Cafe,"74A Wellington Parade, East Melbourne VIC 3002, Australia",0,0,-37.816496,144.9875832,NA,East Melbourne,NA,TRUE,NA,NA,NA,NA,NA,TRUE,NA,NA,TRUE,NA,NA
Seafood,ChIJM3SzyedC1moRXNMbBSUFSmg,Kiwi Fish and Chips,"412-442 Victoria Parade, East Melbourne VIC 3002, Australia",347,4.1,-37.8102271,144.9852094,1,East Melbourne,TRUE,TRUE,FALSE,TRUE,FALSE,NA,TRUE,TRUE,NA,TRUE,TRUE,TRUE,FALSE
Cafe,ChIJh7bPuepC1moRL4BHlUrkdfU,Paddock Cafe,"Olympic Stand inside Gate 3, East Melbourne VIC 3002, Australia",NA,ChIJh7bPuepC1moRL4BHlUrkdfU,-37.8191868,144.9843846,4.3,East Melbourne,FALSE,TRUE,NA,TRUE,NA,NA,NA,TRUE,NA,NA,TRUE,TRUE,NA
Bar,ChIJP9wsWMNC1moRokhV5r22oNQ,Basement Espresso Cafe,"182/184 Victoria Parade, East Melbourne VIC 3002, Australia",1,ChIJP9wsWMNC1moRokhV5r22oNQ,-37.8087984,144.9779113,4,East Melbourne,FALSE,TRUE,FALSE,TRUE,TRUE,TRUE,NA,TRUE,NA,NA,TRUE,TRUE,NA
Italian,ChIJPZ6d3gND1moR_yn70LCJ74Y,Ostēr,"76/78 Bridge Rd, Richmond VIC 3121, Australia",NA,ChIJPZ6d3gND1moR_yn70LCJ74Y,-37.8179711,144.992495,4.6,East Melbourne,FALSE,TRUE,TRUE,TRUE,FALSE,FALSE,TRUE,TRUE,TRUE,TRUE,FALSE,TRUE,FALSE
Asian,ChIJme6hTM9C1moRFG6RpYqZL0c,Longrain Melbourne,"44 Little Bourke St, Melbourne VIC 3000, Australia",3,ChIJme6hTM9C1moRFG6RpYqZL0c,-37.8106333,144.9711861,4.5,East Melbourne,FALSE,TRUE,TRUE,TRUE,FALSE,NA,TRUE,TRUE,TRUE,TRUE,FALSE,TRUE,FALSE
Italian,ChIJR1OrH8ZC1moRixhTkKsUwi8,The Waiters Restaurant,"20 Meyers Pl, Melbourne VIC 3000, Australia",2,ChIJR1OrH8ZC1moRixhTkKsUwi8,-37.812078,144.97235,4.4,East Melbourne,FALSE,TRUE,TRUE,TRUE,FALSE,FALSE,TRUE,TRUE,TRUE,TRUE,FALSE,FALSE,FALSE
European,ChIJxbZOsshC1moR7thhGoEJ11s,Punch Lane Wine Bar & Restaurant,"43 Little Bourke St, Melbourne VIC 3000, Australia",3,ChIJxbZOsshC1moR7thhGoEJ11s,-37.8108555,144.9713535,4.5,East Melbourne,FALSE,TRUE,TRUE,TRUE,NA,NA,TRUE,TRUE,TRUE,TRUE,FALSE,FALSE,FALSE
Asian,ChIJkX9EushC1moRWQYnsdy3skM,Hochi Mama,"35 Little Bourke St, Melbourne VIC 3000, Australia",2,ChIJkX9EushC1moRWQYnsdy3skM,-37.81076,144.9717076,4.4,East Melbourne,NA,TRUE,TRUE,TRUE,FALSE,NA,TRUE,TRUE,TRUE,TRUE,TRUE,TRUE,FALSE
Asian,ChIJLVxVmchC1moRNMtBqzP3H6c,Soi 38 Melbourne,"38 Mcilwraith Pl, Melbourne VIC 3000, Australia",1,ChIJLVxVmchC1moRNMtBqzP3H6c,-37.8124827,144.9719537,4.3,East Melbourne,TRUE,TRUE,FALSE,TRUE,FALSE,TRUE,TRUE,TRUE,NA,TRUE,TRUE,TRUE,NA
European,ChIJN92GPsRC1moRrpvO-n_3bvw,Radii Restaurant & Bar,"1 Parliament Square off, Parliament Pl, Melbourne VIC 3002, Australia",2,ChIJN92GPsRC1moRrpvO-n_3bvw,-37.8110792,144.976629,4.2,East Melbourne,FALSE,TRUE,TRUE,TRUE,TRUE,NA,TRUE,FALSE,NA,TRUE,TRUE,TRUE,NA
Cafe,ChIJvVx8L8RC1moRnAO6Zu6Ib-E,Mr. Tod Cafe,"2 St Andrews Pl, East Melbourne VIC 3002, Australia",2,ChIJvVx8L8RC1moRnAO6Zu6Ib-E,-37.8117108,144.9757089,4,East Melbourne,FALSE,TRUE,NA,TRUE,TRUE,TRUE,NA,TRUE,NA,TRUE,TRUE,TRUE,NA
European,ChIJVUlb_MVC1moRE8udyJ-mVCc,The European,"161 Spring St, Melbourne VIC 3000, Australia",3,ChIJVUlb_MVC1moRE8udyJ-mVCc,-37.8109247,144.9725716,4.4,East Melbourne,FALSE,TRUE,TRUE,TRUE,TRUE,TRUE,TRUE,TRUE,TRUE,TRUE,FALSE,TRUE,FALSE
Mediterranean,ChIJ4e4muN1C1moRG1RzbrdNg50,Anada Bar & Restaurant,"197 Gertrude St, Fitzroy VIC 3065, Australia",2,ChIJ4e4muN1C1moRG1RzbrdNg50,-37.8060599,144.9811695,4.4,East Melbourne,FALSE,TRUE,TRUE,TRUE,FALSE,FALSE,TRUE,FALSE,TRUE,TRUE,FALSE,NA,FALSE
Italian,ChIJq6rG4OtC1moRxQeV_lTSWSA,$12 Pizza's,"78 Wellington Parade, East Melbourne VIC 3002, Australia",NA,ChIJq6rG4OtC1moRxQeV_lTSWSA,-37.816476,144.9874132,0,East Melbourne,NA,TRUE,NA,NA,NA,NA,TRUE,NA,NA,NA,NA,NA,NA
Italian,ChIJ0xwW4cdC1moRe81ERqyUZpk,Cecconi's Flinders Lane Restaurant & Cellar Bar,"61 Flinders Ln, Melbourne VIC 3000, Australia",3,ChIJ0xwW4cdC1moRe81ERqyUZpk,-37.8150555,144.9725293,4.5,East Melbourne,NA,TRUE,TRUE,TRUE,TRUE,TRUE,TRUE,TRUE,NA,TRUE,NA,FALSE,NA
Chinese,ChIJKar4tEpd1moRhETU3oLmvfc,Bamboo House,"47 Little Bourke St, Melbourne VIC 3000, Australia",424,4.5,-37.810875,144.9711191,3,East Melbourne,TRUE,TRUE,TRUE,TRUE,FALSE,NA,TRUE,TRUE,NA,TRUE,TRUE,NA,NA
Bar,ChIJsY6jDglD1moRObRiccFXerw,Jim Stynes Grill,"Level 2, Olympic Stand (MCC reserve area, Australia",3,5,-37.81899,144.983266,NA,East Melbourne,NA,TRUE,TRUE,TRUE,NA,NA,TRUE,TRUE,NA,TRUE,NA,TRUE,NA
Middle_eastern,ChIJyYFFyMlC1moRb22GPrHVal8,Sezar Restaurant,"6 Melbourne Pl, Melbourne VIC 3000, Australia",946,4.4,-37.8134041,144.9689668,3,East Melbourne,FALSE,TRUE,TRUE,TRUE,FALSE,NA,TRUE,TRUE,TRUE,TRUE,FALSE,NA,NA
European,ChIJ53vEPslC1moR0ox6S2TyszU,Encore Restaurant & Bar,"131 Lonsdale St, Melbourne VIC 3000, Australia",129,4.6,-37.8107179,144.9684782,1,East Melbourne,NA,TRUE,TRUE,TRUE,NA,NA,TRUE,TRUE,NA,TRUE,TRUE,NA,NA
Indian,ChIJkStQy5pD1moRc5wKwk5dwnY,Daughter In Law,"37 Little Bourke St, Melbourne VIC 3000, Australia",1343,4.1,-37.810735,144.9715189,NA,East Melbourne,NA,TRUE,TRUE,TRUE,NA,NA,TRUE,TRUE,TRUE,TRUE,TRUE,NA,NA
Australian,ChIJoZLSJMZC1moRqWQOMA91M5c,Little Collins St Kitchen Restaurant & Bar,"1/27 Little Collins St, Melbourne VIC 3000, Australia",130,4,-37.8127501,144.9725559,2,East Melbourne,FALSE,TRUE,TRUE,TRUE,TRUE,TRUE,TRUE,TRUE,TRUE,TRUE,NA,TRUE,NA
Mexican,ChIJv6N7tshC1moRWE3v9GD65QU,Bodega Underground,"55 Little Bourke St, Melbourne VIC 3000, Australia",1651,4.1,-37.8109065,144.9709637,2,East Melbourne,FALSE,TRUE,TRUE,TRUE,FALSE,TRUE,TRUE,TRUE,TRUE,TRUE,TRUE,FALSE,NA
Italian,ChIJ4SIGschC1moRTz-NPh3_aQc,SPQR Pizzeria,"26 Liverpool St, Melbourne VIC 3000, Australia",999,4.5,-37.8109748,144.9713394,2,East Melbourne,TRUE,TRUE,TRUE,TRUE,FALSE,FALSE,TRUE,TRUE,NA,TRUE,TRUE,FALSE,NA
Chinese,ChIJ0WwctchC1moRMJRDX19Kh40,Shark Fin Inn,"50 Little Bourke St, Melbourne VIC 3000, Australia",1311,4.1,-37.810704,144.9710032,2,East Melbourne,TRUE,TRUE,TRUE,TRUE,FALSE,TRUE,TRUE,TRUE,NA,TRUE,TRUE,NA,NA
Italian,ChIJJ3GUFnND1moRUIIedeogCpk,Di Stasio Citta,"45 Spring St, Melbourne VIC 3004, Australia",485,4.1,-37.8142549,144.9741857,NA,East Melbourne,FALSE,TRUE,TRUE,TRUE,NA,NA,TRUE,TRUE,TRUE,TRUE,TRUE,TRUE,NA
Wine_bar,ChIJe-SxTM9C1moRGczYs6906F4,Longsong,"Upstairs, 44 Little Bourke St, Melbourne VIC 3000, Australia",176,4.4,-37.8106475,144.9712096,NA,East Melbourne,FALSE,TRUE,TRUE,TRUE,NA,NA,NA,NA,NA,TRUE,FALSE,NA,NA
Asian,ChIJE87W9c5C1moRNTnghsAOHYs,ThaiLicious Restaurant,"355 Exhibition St, Melbourne VIC 3000, Australia",191,4.3,-37.8074562,144.9681659,2,East Melbourne,TRUE,TRUE,TRUE,TRUE,FALSE,NA,TRUE,TRUE,TRUE,TRUE,TRUE,FALSE,NA
Bar,ChIJqeamsshC1moRiFEfGX_DD6U,Juliet Melbourne,"Basement/37 - 41 Little Bourke St, Melbourne VIC 3000, Australia",171,4.4,-37.8108154,144.9714971,2,East Melbourne,FALSE,TRUE,TRUE,TRUE,NA,NA,NA,NA,NA,TRUE,FALSE,NA,NA
Steakhouse,ChIJUQGnHgFD1moRfNhS1rJOV0o,Botswana Butchery Melbourne,"66 Flinders Ln, Melbourne VIC 3000, Australia",416,4.3,-37.8147693,144.9723072,NA,East Melbourne,TRUE,TRUE,TRUE,TRUE,NA,NA,TRUE,TRUE,NA,TRUE,TRUE,NA,NA
Mediterranean,ChIJ-dMSJsZC1moRBR6RQKxblbI,Bar Lourinhã,"37 Little Collins St, Melbourne VIC 3000, Australia",569,4.4,-37.812815,144.9725185,2,East Melbourne,TRUE,TRUE,TRUE,TRUE,NA,NA,TRUE,TRUE,NA,TRUE,FALSE,NA,FALSE
Italian,ChIJ-7pLvshC1moRWHbU4T32oaU,Bottega,"74 Bourke St, Melbourne VIC 3000, Australia",485,4.4,-37.811767,144.9710664,3,East Melbourne,FALSE,TRUE,TRUE,TRUE,NA,NA,TRUE,TRUE,TRUE,TRUE,FALSE,TRUE,FALSE
Steakhouse,ChIJoS8hIMZC1moRo_A2fOZBqI8,San Telmo,"14 Meyers Pl, Melbourne VIC 3000, Australia",2800,4.6,-37.8121879,144.9723296,3,East Melbourne,FALSE,TRUE,TRUE,TRUE,FALSE,FALSE,TRUE,TRUE,TRUE,TRUE,FALSE,TRUE,FALSE
Chinese,ChIJr1N1BMlC1moR6aJLe1nHgPQ,Flower Drum Restaurant Melbourne,"17 Market Ln, Melbourne VIC 3000, Australia",1124,4.5,-37.8118772,144.9692458,4,East Melbourne,TRUE,TRUE,TRUE,TRUE,FALSE,FALSE,TRUE,TRUE,TRUE,TRUE,NA,TRUE,TRUE
Italian,ChIJPygi0jld1moRk8KoFG7mdFc,Amiconi Restaurant,"359 Victoria St, West Melbourne VIC 3003, Australia",526,4.7,-37.8053166,144.9495933,2,West Melbourne,TRUE,TRUE,TRUE,TRUE,NA,FALSE,TRUE,TRUE,NA,TRUE,TRUE,TRUE,NA
Mexican,ChIJG1rzHTRd1moRFYsSDKDdGR8,Hello José,"85 Peel St, West Melbourne VIC 3003, Australia",459,4.4,-37.8062068,144.9556651,2,West Melbourne,TRUE,TRUE,TRUE,TRUE,FALSE,TRUE,TRUE,TRUE,NA,TRUE,TRUE,TRUE,NA
Asian,ChIJd7Mp0jld1moRISH9V3k4Ws0,Smile Thai Cuisine,"357 Victoria St, West Melbourne VIC 3003, Australia",290,4.2,-37.8053499,144.9496255,2,West Melbourne,TRUE,TRUE,TRUE,TRUE,NA,NA,TRUE,TRUE,TRUE,TRUE,TRUE,NA,NA
Italian,ChIJS0RmHSZd1moRlfTiaBYdZDk,Sassy Italian Restaurant,"1 Dryburgh St, West Melbourne VIC 3003, Australia",1298,4.7,-37.8070035,144.9425483,NA,West Melbourne,TRUE,TRUE,TRUE,TRUE,TRUE,TRUE,TRUE,TRUE,TRUE,TRUE,TRUE,TRUE,TRUE
Indian,ChIJPe8Oxzdd1moR5wkNGC7Qb2Y,Le Taj Restaurant & Lounge,"70-74 Rosslyn St, West Melbourne VIC 3003, Australia",359,4.3,-37.807758,144.952035,2,West Melbourne,TRUE,TRUE,TRUE,TRUE,FALSE,FALSE,TRUE,TRUE,TRUE,TRUE,TRUE,NA,NA
Asian,ChIJtcv3bTdd1moRN8uMWtQAzIs,Warung Agus,"305 Victoria St, West Melbourne VIC 3003, Australia",274,4.7,-37.805516,144.9513356,2,West Melbourne,FALSE,TRUE,TRUE,TRUE,NA,NA,TRUE,TRUE,TRUE,TRUE,TRUE,TRUE,NA
Italian,ChIJW0teZjZd1moRVwKF6CSxwgU,Royal Standard Hotel,"333 William St, West Melbourne VIC 3003, Australia",699,4.6,-37.807831,144.9542788,2,West Melbourne,TRUE,TRUE,TRUE,TRUE,NA,NA,NA,NA,NA,TRUE,TRUE,TRUE,NA
Asian,ChIJZScRBUld1moRq2ydfCSoBN0,Hansang,"347/349 King St, West Melbourne VIC 3003, Australia",475,4.4,-37.812149,144.953494,NA,West Melbourne,TRUE,TRUE,TRUE,TRUE,FALSE,FALSE,TRUE,TRUE,NA,TRUE,TRUE,TRUE,NA
Asian,ChIJ094AkEhd1moRfRDE1uYHuZw,Angkor Cafe & Restaurant,"389 Spencer St, West Melbourne VIC 3003, Australia",200,4.7,-37.8113353,144.9503465,NA,West Melbourne,TRUE,TRUE,TRUE,TRUE,FALSE,TRUE,TRUE,TRUE,TRUE,TRUE,TRUE,TRUE,FALSE
Indian,ChIJS8yzAEld1moRgnycJi4CsgQ,The Moghals,"369/371 King St, West Melbourne VIC 3003, Australia",653,3.3,-37.8116229,144.9532499,2,West Melbourne,TRUE,TRUE,TRUE,FALSE,FALSE,TRUE,TRUE,NA,TRUE,FALSE,TRUE,TRUE,TRUE
African,ChIJETT2xzZd1moR4SHkDmb0V9Q,Little Africa Restaurant,"223 Victoria St, West Melbourne VIC 3003, Australia",524,4.8,-37.8058017,144.9540495,1,West Melbourne,TRUE,TRUE,TRUE,TRUE,FALSE,NA,TRUE,TRUE,TRUE,TRUE,TRUE,NA,NA
American,ChIJmevfxEdd1moRkZwiO8PaDWg,Hotel Spencer Bar & Grill,"475 Spencer St, West Melbourne VIC 3003, Australia",236,4.6,-37.8095041,144.9493332,2,West Melbourne,FALSE,TRUE,TRUE,TRUE,NA,NA,NA,NA,NA,TRUE,TRUE,TRUE,NA
Indian,ChIJmetwn05d1moRyV7SXoCKMqI,Biryani House,"339 King St, West Melbourne VIC 3003, Australia",1,ChIJmetwn05d1moRyV7SXoCKMqI,-37.8123673,144.9536136,3.4,West Melbourne,TRUE,TRUE,TRUE,FALSE,TRUE,TRUE,TRUE,TRUE,TRUE,FALSE,TRUE,NA,NA
International,ChIJp9I_oV9d1moR5UF21vqjGvE,Shiraaz By Rajputana West Melbourne,"112 Adderley St, West Melbourne VIC 3003, Australia",NA,ChIJp9I_oV9d1moR5UF21vqjGvE,-37.8107246,144.9478918,4,West Melbourne,TRUE,TRUE,TRUE,TRUE,NA,TRUE,TRUE,TRUE,TRUE,TRUE,TRUE,TRUE,TRUE
Cafe,ChIJZ6Nfpzhd1moR0T0zBqfXErE,Hunters & Disciples,"39/617-643 Spencer St, West Melbourne VIC 3003, Australia",1,ChIJZ6Nfpzhd1moR0T0zBqfXErE,-37.8071014,144.9454681,4.7,West Melbourne,FALSE,TRUE,TRUE,NA,TRUE,TRUE,NA,TRUE,TRUE,NA,TRUE,TRUE,TRUE
Cafe,ChIJn1NjgUdd1moRRFLouFtvoI8,Embassy Cafe,"547 Spencer St, West Melbourne VIC 3003, Australia",1,ChIJn1NjgUdd1moRRFLouFtvoI8,-37.8081322,144.9478149,4.4,West Melbourne,TRUE,TRUE,FALSE,FALSE,TRUE,TRUE,TRUE,TRUE,NA,FALSE,TRUE,TRUE,NA
Barbecue,ChIJvSWppzZd1moRt66Tm8D_SKc,Matzip Korean BBQ Restaurant,"179-181 Victoria St, West Melbourne VIC 3003, Australia",NA,ChIJvSWppzZd1moRt66Tm8D_SKc,-37.8059692,144.9555751,4.3,West Melbourne,TRUE,TRUE,TRUE,TRUE,FALSE,FALSE,TRUE,NA,NA,NA,TRUE,TRUE,NA
Indian,ChIJaUwo1zld1moRcRGXQVseqDg,The Kathmandu Cottage,"349 Victoria St, West Melbourne VIC 3003, Australia",2,ChIJaUwo1zld1moRcRGXQVseqDg,-37.805392,144.9498101,4.1,West Melbourne,TRUE,TRUE,TRUE,TRUE,NA,NA,TRUE,NA,TRUE,TRUE,TRUE,TRUE,NA
Bar,ChIJbekQT95d1moRSDPBFx0-C3s,Royal Kings Pizza,"501 Spencer St, West Melbourne VIC 3003, Australia",NA,ChIJbekQT95d1moRSDPBFx0-C3s,-37.8088703,144.9488372,1,West Melbourne,TRUE,TRUE,TRUE,NA,NA,NA,TRUE,NA,NA,NA,TRUE,TRUE,NA
Indian,ChIJg4Y_B0ld1moR3PHlrA-bg0Y,Mughal,"7 Jeffcott St, West Melbourne VIC 3003, Australia",NA,ChIJg4Y_B0ld1moR3PHlrA-bg0Y,-37.8116529,144.9532851,3.3,West Melbourne,TRUE,TRUE,TRUE,FALSE,NA,NA,TRUE,TRUE,NA,FALSE,TRUE,TRUE,NA
Chinese,ChIJuWenGH1d1moREwgt9Mi6T-c,My Bao 东北小院,"140 Dudley St, West Melbourne VIC 3003, Australia",NA,ChIJuWenGH1d1moREwgt9Mi6T-c,-37.8095724,144.9507686,4.8,West Melbourne,TRUE,TRUE,NA,NA,NA,NA,NA,TRUE,NA,NA,TRUE,NA,NA
Australian,ChIJ-9Z5KUhd1moRTGB848IAz3w,Witches In Britches,"84 Dudley St, West Melbourne VIC 3003, Australia",2,ChIJ-9Z5KUhd1moRTGB848IAz3w,-37.8088685,144.9525653,4.4,West Melbourne,NA,NA,TRUE,TRUE,NA,NA,NA,NA,NA,TRUE,NA,TRUE,NA
Italian,ChIJq6qPwDZd1moR12DLASkVEFc,Thor Pizza,"215 Victoria St, West Melbourne VIC 3003, Australia",NA,ChIJq6qPwDZd1moR12DLASkVEFc,-37.805829,144.9542633,0,West Melbourne,TRUE,TRUE,NA,NA,NA,NA,TRUE,TRUE,NA,NA,TRUE,NA,NA
Asian,ChIJGXlk_Tdd1moRFB1zABhnFko,Yum Catering,"110 Rosslyn St, West Melbourne VIC 3003, Australia",NA,ChIJGXlk_Tdd1moRFB1zABhnFko,-37.8084164,144.9507781,0,West Melbourne,NA,TRUE,TRUE,NA,NA,NA,NA,TRUE,NA,NA,NA,NA,NA
Italian,ChIJmSmRaY9d1moRWrM5V4uzRGs,Pretty Sichuan Taste 川味香,"89 Peel St, West Melbourne VIC 3003, Australia",NA,ChIJmSmRaY9d1moRWrM5V4uzRGs,-37.8060654,144.9557255,5,West Melbourne,TRUE,TRUE,NA,NA,NA,NA,TRUE,TRUE,NA,NA,TRUE,NA,TRUE
Australian,ChIJ6-6120xd1moRv_VhyogdHqM,Lollo,"408 Flinders Ln, Melbourne VIC 3000, Australia",NA,ChIJ6-6120xd1moRv_VhyogdHqM,-37.8182761,144.9603053,4.3,West Melbourne,FALSE,TRUE,TRUE,TRUE,TRUE,TRUE,TRUE,TRUE,TRUE,TRUE,FALSE,TRUE,FALSE
Italian,ChIJVVXxKEZd1moRxMSM4gkaJZI,THE ANGRY DOG,"Rear/405 Spencer St, West Melbourne VIC 3003, Australia",NA,ChIJVVXxKEZd1moRxMSM4gkaJZI,-37.8109786,144.950064,4.6,West Melbourne,FALSE,TRUE,TRUE,TRUE,NA,NA,NA,NA,NA,TRUE,TRUE,TRUE,FALSE
Chinese,ChIJpRmxRrBd1moRYBslBDGGp2Q,Chef Panda,"87 Peel St, West Melbourne VIC 3003, Australia",NA,ChIJpRmxRrBd1moRYBslBDGGp2Q,-37.8061838,144.9556719,3,West Melbourne,TRUE,TRUE,NA,FALSE,NA,NA,TRUE,TRUE,NA,FALSE,TRUE,NA,NA
Asian,ChIJSzb7xTZd1moR0ZQhSKN11tg,Pho Victoria,"372 Victoria St, North Melbourne VIC 3051, Australia",1,ChIJSzb7xTZd1moR0ZQhSKN11tg,-37.8054518,144.9539362,4.4,West Melbourne,TRUE,TRUE,TRUE,FALSE,FALSE,NA,TRUE,TRUE,NA,FALSE,TRUE,NA,NA
Japanese,ChIJCd8m5bJd1moR8Dzy5pgAIII,Warabi,"408 Flinders Ln, Melbourne VIC 3000, Australia",NA,ChIJCd8m5bJd1moR8Dzy5pgAIII,-37.8182761,144.9603053,4.1,West Melbourne,FALSE,TRUE,TRUE,TRUE,NA,NA,TRUE,NA,NA,TRUE,FALSE,TRUE,FALSE
Australian,ChIJwZP-zuRd1moRerW91SboCPE,279,"279 Victoria St, West Melbourne VIC 3003, Australia",2,ChIJwZP-zuRd1moRerW91SboCPE,-37.8056505,144.951959,4.6,West Melbourne,TRUE,TRUE,NA,FALSE,TRUE,TRUE,NA,TRUE,TRUE,NA,TRUE,NA,TRUE
Australian,ChIJhQbBiZBd1moRrqSbGTrRTig,Shush Burger by Sean Connolly,"50 Batman St, West Melbourne VIC 3003, Australia",NA,ChIJhQbBiZBd1moRrqSbGTrRTig,-37.8103921,144.9511602,4.2,West Melbourne,FALSE,TRUE,TRUE,TRUE,NA,NA,TRUE,TRUE,NA,TRUE,TRUE,TRUE,FALSE
Barbecue,ChIJj-RCijNd1moR5wCG3q2prYs,Donwoori Korean Restaurant,"276 Victoria St, North Melbourne VIC 3051, Australia",2,ChIJj-RCijNd1moR5wCG3q2prYs,-37.8058612,144.9572785,4.3,West Melbourne,FALSE,TRUE,TRUE,TRUE,FALSE,FALSE,TRUE,TRUE,TRUE,TRUE,TRUE,FALSE,NA
Italian,ChIJ-dKVVbJd1moRvkegNyHfyjw,215 Queen's Restaurant and Bar Melbourne,"215 Queen St, Melbourne VIC 3000, Australia",NA,ChIJ-dKVVbJd1moRvkegNyHfyjw,-37.8137947,144.9598607,3.8,West Melbourne,TRUE,TRUE,TRUE,TRUE,FALSE,FALSE,TRUE,FALSE,TRUE,TRUE,TRUE,FALSE,TRUE
Chinese,ChIJCxE66Tld1moRG7axltOI0hA,Char Siu House,"37 Errol St, North Melbourne VIC 3051, Australia",1,ChIJCxE66Tld1moRG7axltOI0hA,-37.804119,144.949078,4.4,West Melbourne,TRUE,TRUE,NA,NA,NA,NA,TRUE,TRUE,NA,NA,TRUE,NA,NA
Mediterranean,ChIJizFTarNC1moRjM6M4Z_OGAg,Maha Restaurant,"21 Bond St, Melbourne VIC 3000, Australia",3,ChIJizFTarNC1moRjM6M4Z_OGAg,-37.8181528,144.962662,4.5,West Melbourne,FALSE,TRUE,TRUE,TRUE,TRUE,FALSE,TRUE,TRUE,TRUE,TRUE,NA,TRUE,NA
International,ChIJ7TaR1khd1moRXCmigET2XdM,Angliss Restaurant,"550 Little Lonsdale St, Melbourne VIC 3000, Australia",NA,ChIJ7TaR1khd1moRXCmigET2XdM,-37.8138421,144.9525836,4.5,West Melbourne,FALSE,TRUE,NA,TRUE,FALSE,NA,TRUE,TRUE,NA,TRUE,NA,TRUE,NA
Barbecue,ChIJfyCEiDNd1moRBfl8Fpp4CVI,Toodouri,"260 Victoria St, North Melbourne VIC 3051, Australia",2,ChIJfyCEiDNd1moRBfl8Fpp4CVI,-37.8058253,144.9577337,4.2,West Melbourne,NA,TRUE,TRUE,TRUE,FALSE,FALSE,TRUE,NA,NA,TRUE,NA,NA,NA
Italian,ChIJ2fOmZypd1moRGKVP8II2_gY,Villas Restaurant & Bar,"488 Bourke St, Melbourne VIC 3000, Australia",NA,ChIJ2fOmZypd1moRGKVP8II2_gY,-37.8150334,144.9591831,4.8,West Melbourne,NA,TRUE,TRUE,TRUE,NA,NA,TRUE,TRUE,NA,TRUE,TRUE,TRUE,NA
Indian,ChIJh20YuDld1moRi2zSQPIFuT0,Nizams Indian Restaurant North Melbourne,"5/520 Victoria St, North Melbourne VIC 3051, Australia",2,ChIJh20YuDld1moRi2zSQPIFuT0,-37.8048104,144.9487365,3.7,West Melbourne,TRUE,TRUE,TRUE,FALSE,FALSE,NA,TRUE,TRUE,NA,FALSE,TRUE,NA,NA
Asian,ChIJvxrTqPdd1moRTynlPUYlA2s,Miss Mi Restaurant & Bar,"Corner of Godfrey &, Bourke St, Melbourne VIC 3000, Australia",NA,ChIJvxrTqPdd1moRTynlPUYlA2s,-37.8172669,144.9536457,4.1,West Melbourne,FALSE,TRUE,TRUE,TRUE,TRUE,NA,TRUE,TRUE,TRUE,TRUE,FALSE,TRUE,NA
Fast_food,ChIJdQRI7Dld1moRbPrUI3xVym0,Wonky Trolley,"47 Errol St, North Melbourne VIC 3051, Australia",2,ChIJdQRI7Dld1moRbPrUI3xVym0,-37.8039403,144.9492757,4.2,West Melbourne,TRUE,TRUE,FALSE,TRUE,TRUE,TRUE,TRUE,TRUE,TRUE,TRUE,TRUE,TRUE,TRUE
Italian,ChIJb6DBxDld1moRx6XklV4QyZs,Sosta Ristorante,"12 Errol St, North Melbourne VIC 3051, Australia",252,4.5,-37.8047811,144.9495167,3,North Melbourne,FALSE,TRUE,TRUE,TRUE,FALSE,FALSE,TRUE,TRUE,TRUE,TRUE,FALSE,TRUE,FALSE
Italian,ChIJN7-E-jNd1moRFIhlAbMd6To,Maria's Trattoria,"122-124 Peel St, North Melbourne VIC 3051, Australia",276,4.6,-37.8051463,144.9563412,1,North Melbourne,NA,TRUE,TRUE,TRUE,FALSE,NA,TRUE,TRUE,NA,TRUE,TRUE,TRUE,NA
Mexican,ChIJA8yl2zld1moRIwG5JP_WDuQ,El Sabor - Mexican Restaurant,"500 Victoria St, North Melbourne VIC 3051, Australia",642,4.2,-37.8049758,144.9496116,2,North Melbourne,TRUE,TRUE,TRUE,TRUE,FALSE,TRUE,TRUE,TRUE,TRUE,TRUE,TRUE,NA,NA
Cafe,ChIJse5g9zld1moRKH_lqhWAH9g,Errol's,"69/71 Errol St, North Melbourne VIC 3051, Australia",733,4.1,-37.8035381,144.9493366,2,North Melbourne,TRUE,TRUE,TRUE,TRUE,TRUE,TRUE,TRUE,TRUE,TRUE,TRUE,TRUE,TRUE,NA
Asian,ChIJYeVCBy5d1moRqbFwZ3QQrfc,The Rice Cooker,"Shop 3/33 Flemington Rd, North Melbourne VIC 3051, Australia",613,4.4,-37.800357,144.955367,2,North Melbourne,TRUE,TRUE,TRUE,TRUE,FALSE,FALSE,TRUE,TRUE,TRUE,TRUE,TRUE,TRUE,NA
Bar,ChIJK1JxtDBd1moRzCIdZ-QZEAo,The Leveson,"46 Leveson St, North Melbourne VIC 3051, Australia",750,4.3,-37.80369,144.9512762,2,North Melbourne,FALSE,TRUE,TRUE,TRUE,FALSE,NA,TRUE,TRUE,NA,TRUE,NA,TRUE,NA
Asian,ChIJu5_o5jld1moRRSzyKR7wOyI,KL Bunga Raya,"34 Errol St, North Melbourne VIC 3051, Australia",608,4.4,-37.8043473,144.9495569,1,North Melbourne,TRUE,TRUE,TRUE,TRUE,NA,FALSE,TRUE,TRUE,NA,TRUE,TRUE,TRUE,NA
Lebanese,ChIJ-SRy8Tld1moRpYcmhkpwOeQ,Agraba Lebanese Mezze,"69/71 Errol St, North Melbourne VIC 3051, Australia",229,3.9,-37.8035381,144.9493366,2,North Melbourne,TRUE,TRUE,TRUE,TRUE,NA,NA,TRUE,TRUE,TRUE,TRUE,TRUE,TRUE,NA
Australian,ChIJhxtkpDBd1moRvBtl-eOUcFM,Mr. Price's Foodstore,"502 Queensberry St, North Melbourne VIC 3051, Australia",42,4.8,-37.8030097,144.9506491,2,North Melbourne,FALSE,TRUE,TRUE,NA,NA,NA,TRUE,TRUE,NA,TRUE,TRUE,TRUE,NA
Bar,ChIJGTlGxjld1moRXxFaAx2oDI0,Joe Taylor & Oskar Pizza,"7 Errol St, North Melbourne VIC 3051, Australia",222,4.6,-37.804809,144.9491296,2,North Melbourne,NA,TRUE,TRUE,TRUE,NA,NA,NA,NA,NA,TRUE,TRUE,NA,NA
Cafe,ChIJV3kVEDpd1moRzmljRe6cYSM,Fandango Cafe,"97 Errol St, North Melbourne VIC 3051, Australia",306,4.6,-37.8026164,144.9494255,2,North Melbourne,TRUE,TRUE,TRUE,FALSE,TRUE,TRUE,FALSE,TRUE,NA,FALSE,TRUE,NA,TRUE
Bar,ChIJj6-ASjBd1moRywk8vb-TlLE,The Castle Hotel,"56 Courtney St, North Melbourne VIC 3051, Australia",635,4.3,-37.8008991,144.9530362,2,North Melbourne,TRUE,TRUE,TRUE,TRUE,NA,NA,TRUE,TRUE,NA,TRUE,TRUE,TRUE,NA
Pizza,ChIJY-BD2iJd1moRADZTnHCY2iE,Mr Tucker,"17 Melrose St, North Melbourne VIC 3051, Australia",NA,ChIJY-BD2iJd1moRADZTnHCY2iE,-37.7952243,144.9414828,4.3,North Melbourne,FALSE,TRUE,TRUE,NA,TRUE,TRUE,TRUE,TRUE,NA,TRUE,TRUE,FALSE,NA
Brazilian,ChIJeTdSUphd1moR55WLsMElvUI,The Galbi BBQ,"270 Victoria St, North Melbourne VIC 3051, Australia",NA,ChIJeTdSUphd1moR55WLsMElvUI,-37.8058476,144.9573721,4.9,North Melbourne,TRUE,TRUE,TRUE,TRUE,FALSE,FALSE,TRUE,FALSE,NA,TRUE,TRUE,NA,FALSE
Cafe,ChIJcXFZxjld1moR27sZDTXjkmk,Hot Poppy cafe,"9 Errol St, North Melbourne VIC 3051, Australia",2,ChIJcXFZxjld1moR27sZDTXjkmk,-37.8047987,144.9491321,4.4,North Melbourne,TRUE,TRUE,NA,TRUE,TRUE,TRUE,NA,TRUE,TRUE,TRUE,TRUE,NA,NA
Barbecue,ChIJk9WjiTNd1moRv0twWUuyz6E,Hallah,"268 Victoria St, North Melbourne VIC 3051, Australia",2,ChIJk9WjiTNd1moRv0twWUuyz6E,-37.8058009,144.957444,4.1,North Melbourne,FALSE,TRUE,TRUE,TRUE,FALSE,FALSE,TRUE,TRUE,FALSE,TRUE,TRUE,FALSE,NA
Italian,ChIJQTI1BjRd1moRtLQyZYj7VUc,La Porchetta North Melbourne,"480 Victoria St, North Melbourne VIC 3051, Australia",2,ChIJQTI1BjRd1moRtLQyZYj7VUc,-37.8050642,144.9501136,3.8,North Melbourne,TRUE,TRUE,TRUE,TRUE,FALSE,NA,TRUE,TRUE,NA,TRUE,TRUE,TRUE,NA
African,ChIJ29n5yzBd1moReeHrxSRaMkA,Manze,"Shop 2/1/5 Errol St, North Melbourne VIC 3051, Australia",NA,ChIJ29n5yzBd1moReeHrxSRaMkA,-37.8048979,144.9490326,4.5,North Melbourne,FALSE,TRUE,TRUE,TRUE,NA,NA,TRUE,TRUE,NA,TRUE,FALSE,TRUE,FALSE
Gastropub,ChIJ3-6Iwzld1moRQnzg1_90pYs,Toast Kitchen Cafe,"13 Errol St, North Melbourne VIC 3051, Australia",2,ChIJ3-6Iwzld1moRQnzg1_90pYs,-37.8046474,144.9491338,4.4,North Melbourne,NA,TRUE,NA,TRUE,TRUE,TRUE,NA,TRUE,TRUE,TRUE,TRUE,TRUE,NA
Pizza,ChIJx708zzld1moRUdFlOTfVb5Q,Oskar Pizza,"7 Errol St, North Melbourne VIC 3051, Australia",2,ChIJx708zzld1moRUdFlOTfVb5Q,-37.804807,144.949046,4,North Melbourne,TRUE,TRUE,TRUE,TRUE,NA,NA,TRUE,NA,TRUE,TRUE,TRUE,TRUE,NA
Bar,ChIJF4IoBjpd1moRBFzQUpeHtm4,The Courthouse,"86-90 Errol St, North Melbourne VIC 3051, Australia",NA,ChIJF4IoBjpd1moRBFzQUpeHtm4,-37.8029165,144.949864,4.1,North Melbourne,FALSE,TRUE,TRUE,TRUE,NA,NA,NA,NA,NA,TRUE,FALSE,FALSE,NA
Mexican,ChIJ6RIHgUZd1moRTHj3G-9tFtw,Guzman y Gomez - North Melbourne,"71 Flemington Rd, North Melbourne VIC 3051, Australia",2,ChIJ6RIHgUZd1moRTHj3G-9tFtw,-37.7992269,144.9538706,3.4,North Melbourne,TRUE,TRUE,FALSE,TRUE,TRUE,NA,TRUE,TRUE,NA,NA,TRUE,TRUE,TRUE
Chinese,ChIJV3u17Tld1moRfbUCiFVvO6M,Fungs Asian Food & Sushi Bar,"49 Errol St, North Melbourne VIC 3051, Australia",NA,ChIJV3u17Tld1moRfbUCiFVvO6M,-37.8038846,144.9492854,3.3,North Melbourne,NA,TRUE,NA,FALSE,NA,NA,TRUE,TRUE,NA,FALSE,TRUE,NA,NA
Japanese,ChIJA-QSzq5d1moREjfO3uWiS-0,EziStreat,"275 Macaulay Rd, North Melbourne VIC 3051, Australia",2,ChIJA-QSzq5d1moREjfO3uWiS-0,-37.7954208,144.9376605,4.4,North Melbourne,TRUE,TRUE,TRUE,TRUE,NA,NA,TRUE,TRUE,TRUE,TRUE,TRUE,TRUE,NA
Bar,ChIJdfbk6jld1moRwElnckgNb9M,Town Hall Hotel,"33 Errol St, North Melbourne VIC 3051, Australia",2,ChIJdfbk6jld1moRwElnckgNb9M,-37.8041868,144.9491991,4.5,North Melbourne,FALSE,TRUE,TRUE,TRUE,NA,NA,NA,NA,NA,TRUE,NA,TRUE,NA
Italian,ChIJ0UaHMDtd1moRJXVh0-k_Iec,Pioneer Pizza,"360 Abbotsford St, North Melbourne VIC 3051, Australia",1,ChIJ0UaHMDtd1moRJXVh0-k_Iec,-37.798178,144.9464654,4.2,North Melbourne,TRUE,TRUE,NA,FALSE,FALSE,NA,TRUE,NA,NA,FALSE,TRUE,NA,NA
Japanese,ChIJyXgUjh5d1moRrKWm5r5s5E0,Palette. & Palette.atnight,"610 Queensberry St, North Melbourne VIC 3051, Australia",2,ChIJyXgUjh5d1moRrKWm5r5s5E0,-37.802566,144.947109,4.3,North Melbourne,TRUE,TRUE,NA,NA,TRUE,TRUE,TRUE,TRUE,TRUE,NA,TRUE,NA,NA
Asian,ChIJTf2AGOpd1moRVexVWdx28VY,Kebab Connection,"320 Victoria St, North Melbourne VIC 3051, Australia",1,ChIJTf2AGOpd1moRVexVWdx28VY,-37.8056567,144.9555166,4.5,North Melbourne,TRUE,TRUE,NA,FALSE,NA,NA,TRUE,TRUE,TRUE,FALSE,TRUE,TRUE,NA
Cafe,ChIJ0an5tzNd1moRnL-pWh4UMNk,ROOM,"329 Queensberry St, North Melbourne VIC 3051, Australia",NA,ChIJ0an5tzNd1moRnL-pWh4UMNk,-37.8041027,144.957098,0,North Melbourne,NA,TRUE,NA,TRUE,NA,NA,TRUE,TRUE,NA,TRUE,NA,NA,NA
Fast_food,ChIJJeHtxjld1moRwmVwpj2Nx90,Salt Seafood & Burger Bar,"11 Errol St, North Melbourne VIC 3051, Australia",NA,ChIJJeHtxjld1moRwmVwpj2Nx90,-37.804702,144.949032,4.3,North Melbourne,TRUE,TRUE,FALSE,TRUE,NA,TRUE,TRUE,TRUE,NA,NA,TRUE,TRUE,NA
Australian,ChIJO9jxGR5d1moRO4XXi8ciH6w,Cindy's Kitchen 墨村私房菜,"2/520 Victoria St, North Melbourne VIC 3051, Australia",NA,ChIJO9jxGR5d1moRO4XXi8ciH6w,-37.8048158,144.9486764,4.6,North Melbourne,TRUE,TRUE,TRUE,NA,NA,NA,TRUE,TRUE,NA,NA,TRUE,NA,NA
Indian,ChIJv_uo9_YPdkgRq2K1F6d_5-g,Dishoom Kensington,"4 Derry St, London W8 5SE, United Kingdom",6548,4.7,51.5012647,-0.191139,2,Kensington,FALSE,TRUE,TRUE,TRUE,TRUE,TRUE,TRUE,TRUE,TRUE,TRUE,TRUE,TRUE,TRUE
French,ChIJ6b_F4fYPdkgRIoJa6hALTWI,The Ivy Kensington Brasserie,"96 Kensington High St, London W8 4SG, United Kingdom",2982,4.2,51.5016239,-0.1922527,2,Kensington,FALSE,TRUE,TRUE,TRUE,TRUE,TRUE,TRUE,TRUE,NA,TRUE,FALSE,TRUE,NA
Peruvian,ChIJz7Bhtd4PdkgRPNgj59cV9tg,Zuaya London,"35B Kensington High St, London W8 5EB, United Kingdom",748,4.4,51.5020382,-0.1890569,3,Kensington,TRUE,TRUE,TRUE,TRUE,NA,TRUE,TRUE,TRUE,NA,TRUE,TRUE,NA,NA
Israeli,ChIJjdhaYiwbdkgR_SuA9p18OqU,CERU Eastern Mediterranean Restaurant South Kensington,"7-9 Bute St, South Kensington, London SW7 3EY, United Kingdom",1443,4.5,51.4934363,-0.1762715,2,Kensington,TRUE,TRUE,TRUE,TRUE,FALSE,TRUE,TRUE,TRUE,TRUE,TRUE,TRUE,TRUE,FALSE
French,ChIJAY1NtPcPdkgRXaRO5K1IPco,Côte Kensington,"47 Kensington Ct, London W8 5DA, United Kingdom",1227,4.4,51.5019218,-0.1889155,2,Kensington,TRUE,TRUE,TRUE,TRUE,TRUE,TRUE,TRUE,TRUE,TRUE,TRUE,NA,TRUE,NA
Japanese,ChIJHZJUqvcPdkgR3-c1NQd-A9o,Bone Daddies Kensington,"1 Phillimore Gardens, London W8 7QB, United Kingdom",967,4.4,51.4997277,-0.1979022,2,Kensington,TRUE,TRUE,TRUE,TRUE,TRUE,FALSE,TRUE,TRUE,TRUE,TRUE,TRUE,TRUE,NA
Italian,ChIJF9Hlq_cPdkgR6ThcTDegDBY,Spaghetti House Italian Restaurant Kensington High Street,"9 Kensington High St, London W8 5NP, United Kingdom",653,4.3,51.502244,-0.187964,2,Kensington,TRUE,TRUE,TRUE,TRUE,FALSE,NA,TRUE,TRUE,TRUE,TRUE,TRUE,TRUE,NA
Mediterranean,ChIJXbAY7fczcEERQc5DmImVYvg,Alexandrie Restaurant,"38C Kensington Church St, London W8 4BX, United Kingdom",123,4.6,51.5042731,-0.1928786,3,Kensington,FALSE,TRUE,TRUE,TRUE,FALSE,NA,TRUE,TRUE,TRUE,TRUE,FALSE,TRUE,NA
Italian,ChIJEyHV70EPdkgR4ltmETic22k,Grato,"9 Kensington Square, London W8 5EP, United Kingdom",432,4.8,51.5005628,-0.1892812,NA,Kensington,FALSE,TRUE,TRUE,TRUE,NA,NA,TRUE,TRUE,TRUE,TRUE,TRUE,TRUE,NA
Italian,ChIJvQL4y_cPdkgR_PTPGBOQukM,Prezzo Italian Restaurant London Kensington,"35A Kensington High St, London W8 5BA, United Kingdom",501,4.1,51.5021245,-0.1887497,2,Kensington,TRUE,TRUE,TRUE,TRUE,NA,TRUE,TRUE,TRUE,TRUE,TRUE,TRUE,TRUE,NA
Indian,ChIJW1e5NFkFdkgRw_1wF5RLuTY,Memories of India Kensington,"18 Gloucester Rd, South Kensington, London SW7 4RB, United Kingdom",692,4.3,51.4991475,-0.1838264,2,Kensington,TRUE,TRUE,TRUE,TRUE,FALSE,NA,TRUE,TRUE,TRUE,TRUE,TRUE,NA,TRUE
European,ChIJlQFx01gFdkgRkchWrnmDM-E,Launceston Place,"1A Launceston Pl, London W8 5RL, United Kingdom",643,4.8,51.4992273,-0.185403,3,Kensington,FALSE,TRUE,TRUE,TRUE,FALSE,NA,TRUE,TRUE,TRUE,TRUE,FALSE,TRUE,NA
Indian,ChIJDxwjt-QPdkgRNKTbCos-HE0,Chakra Kensington,"33C Holland St, London W8 4LX, United Kingdom",273,4.3,51.5028,-0.1939222,4,Kensington,TRUE,TRUE,TRUE,TRUE,NA,TRUE,TRUE,TRUE,TRUE,TRUE,TRUE,NA,NA
British,ChIJ98briVgFdkgReGYkDvuVXHg,Chenestons Restaurant,"1-3 Kensington Ct, London W8 5DL, United Kingdom",20,5,51.5020932,-0.1865962,NA,Kensington,FALSE,TRUE,TRUE,TRUE,TRUE,NA,TRUE,TRUE,NA,TRUE,FALSE,NA,NA
Italian,ChIJvcvtyV4FdkgR8nnz2S8fVUs,Da Mario Kensington,"15 Gloucester Rd, South Kensington, London SW7 4PP, United Kingdom",2911,4.4,51.4987349,-0.1835146,2,Kensington,NA,TRUE,TRUE,TRUE,FALSE,FALSE,TRUE,TRUE,TRUE,TRUE,TRUE,FALSE,NA
British,ChIJKy64lWcFdkgRjHnXKBLVnoY,Town House Kensington,"109-113 Queen's Gate, South Kensington, London SW7 5LP, United Kingdom",187,4.4,51.4925087,-0.1781295,NA,Kensington,FALSE,TRUE,TRUE,TRUE,TRUE,TRUE,TRUE,TRUE,TRUE,TRUE,FALSE,TRUE,FALSE
Italian,ChIJFfiE5-0PdkgRGjKjU2oJ3qA,Enoteca Rosso,"276-280 Kensington High St, London W8 6ND, United Kingdom",407,4.2,51.4985471,-0.2011439,2,Kensington,NA,TRUE,TRUE,TRUE,TRUE,TRUE,TRUE,TRUE,TRUE,TRUE,NA,TRUE,NA
Italian,ChIJn-ywB_IPdkgRKaAFvSUsxZs,Il Portico,"277 Kensington High St, London W8 6NA, United Kingdom",516,4.6,51.4985478,-0.1999238,2,Kensington,TRUE,TRUE,TRUE,TRUE,FALSE,NA,TRUE,TRUE,NA,TRUE,TRUE,TRUE,TRUE
Indian,ChIJnbhVw_YPdkgR2FvRK5V9lUc,Zaika,"1 Kensington High St, London W8 5NP, United Kingdom",1163,4.4,51.5021295,-0.1875082,3,Kensington,NA,TRUE,TRUE,TRUE,NA,TRUE,TRUE,TRUE,TRUE,TRUE,TRUE,NA,NA
Indian,ChIJjQcUp0IFdkgRanlqLHrXn9I,Khan's of Kensington,"3 Harrington Rd, South Kensington, London SW7 3ES, United Kingdom",2044,4.4,51.4939481,-0.1750506,2,Kensington,TRUE,TRUE,TRUE,TRUE,FALSE,NA,TRUE,TRUE,TRUE,TRUE,TRUE,NA,NA
French,ChIJq-uTY_EFdkgRkoi0u3r6miQ,Eli’s Restaurant - South Kensington,"6-8 Bute St, South Kensington, London SW7 3EX, United Kingdom",265,4.6,51.4934999,-0.1760637,NA,Kensington,FALSE,TRUE,TRUE,TRUE,NA,NA,TRUE,TRUE,TRUE,TRUE,NA,TRUE,FALSE
European,ChIJ01L60vsPdkgRB-UGY6_FoF0,Clarke's Restaurant,"124 Kensington Church St, London W8 4BH, United Kingdom",194,4.5,51.5070413,-0.1944783,3,Kensington,TRUE,TRUE,TRUE,TRUE,FALSE,FALSE,TRUE,TRUE,NA,TRUE,FALSE,NA,NA
European,ChIJXeC1Cl4FdkgRjBuv6w48XqI,Scoff & Banter Kensington,"68-86 Cromwell Rd, South Kensington, London SW7 5BT, United Kingdom",360,4.2,51.4953444,-0.1818861,2,Kensington,NA,TRUE,TRUE,TRUE,TRUE,TRUE,TRUE,TRUE,NA,TRUE,NA,NA,NA
Italian,ChIJM2jO1fcPdkgR_QsNrmXZoTk,Foubert's,"17 Kensington High St, London W8 5NP, United Kingdom",283,4.2,51.5022633,-0.1882608,2,Kensington,NA,TRUE,TRUE,TRUE,TRUE,NA,TRUE,TRUE,NA,TRUE,NA,TRUE,NA
International,ChIJPSInFzUPdkgR27rOHmUiS2Y,Kensington Quarter,"191-195 Kensington High St, London W8 6SH, United Kingdom",223,4.2,51.4999199,-0.1958438,2,Kensington,TRUE,TRUE,TRUE,TRUE,TRUE,TRUE,TRUE,TRUE,TRUE,TRUE,TRUE,TRUE,FALSE
Seafood,ChIJA5Gm5GcFdkgRhAQF1LA-tMs,Wright Brothers South Kensington,"56 Old Brompton Rd, South Kensington, London SW7 3DY, United Kingdom",423,4.4,51.4931244,-0.176406,3,Kensington,FALSE,TRUE,TRUE,TRUE,FALSE,NA,TRUE,TRUE,TRUE,TRUE,NA,TRUE,NA
Mediterranean,ChIJcf9ZkbgPdkgRTMZ-81h4aQE,Megan's on the High Street Restaurant (Kensington),"204 Kensington High St, London W8 7RG, United Kingdom",1760,4.2,51.4996519,-0.1974341,2,Kensington,TRUE,TRUE,TRUE,TRUE,TRUE,TRUE,TRUE,TRUE,TRUE,TRUE,TRUE,TRUE,NA
Asian,ChIJn1EDofYPdkgRZA8yKTvFG0A,Kensington Thai Terrace,"14 Wrights Ln, London W8 6TF, United Kingdom",248,3.1,51.4992572,-0.1925941,2,Kensington,TRUE,TRUE,TRUE,TRUE,NA,NA,TRUE,TRUE,NA,TRUE,TRUE,NA,NA
Filipino,ChIJlTSFSewPdkgRat9oKHTl33Q,Romulo Café & Restaurant,"343 Kensington High St, London W8 6NW, United Kingdom",880,4.4,51.4974692,-0.2028874,2,Kensington,TRUE,TRUE,TRUE,TRUE,NA,NA,TRUE,TRUE,TRUE,TRUE,TRUE,FALSE,FALSE
Japanese,ChIJNxoOfOwPdkgR4-cNXIzj1BA,Hare & Tortoise Kensington,"373 Kensington High St, London W14 8QZ, United Kingdom",991,4.2,51.4967595,-0.2050737,2,Kensington,TRUE,TRUE,TRUE,TRUE,FALSE,NA,TRUE,TRUE,TRUE,TRUE,TRUE,NA,NA
Italian,ChIJobxrAmgFdkgRgcJpBakGdV8,"Pappa Roma Restaurant, Pizza and Bar","6 Glendower Pl, South Kensington, London SW7 3DP, United Kingdom",1010,4.5,51.4937472,-0.1756333,2,Kensington,TRUE,TRUE,TRUE,TRUE,FALSE,NA,TRUE,TRUE,TRUE,TRUE,TRUE,TRUE,NA
Seafood,ChIJnV7FjUIFdkgRzYUGlV3cvQg,Tapas Brindisa South Kensington,"7-9 Exhibition Rd, South Kensington, London SW7 2HE, United Kingdom",1510,4.1,51.4948698,-0.1736049,2,Kensington,FALSE,TRUE,TRUE,TRUE,TRUE,TRUE,TRUE,TRUE,TRUE,TRUE,FALSE,TRUE,NA
Italian,ChIJOWJBCIsPdkgR9x7taFAyvWg,PINO,"Leonard Court, 267 Kensington High St, London W8 6NA, United Kingdom",75,4.7,51.4986186,-0.1996517,NA,Kensington,NA,TRUE,TRUE,TRUE,NA,NA,TRUE,TRUE,NA,TRUE,TRUE,TRUE,FALSE
Steakhouse,ChIJ48y_6mcFdkgRhqLHww_SqeY,Macellaio RC South Kensington,"84 Old Brompton Rd, South Kensington, London SW7 3LQ, United Kingdom",1325,4.5,51.4926404,-0.177465,3,Kensington,TRUE,TRUE,TRUE,TRUE,FALSE,FALSE,TRUE,TRUE,TRUE,TRUE,TRUE,TRUE,NA
Lebanese,ChIJgV7FjUIFdkgREkiwLP2M6Bk,Comptoir Libanais South Kensington,"1-5 Exhibition Rd, South Kensington, London SW7 2HE, United Kingdom",3339,4.1,51.494729,-0.1735771,2,Kensington,TRUE,TRUE,TRUE,TRUE,TRUE,TRUE,TRUE,TRUE,TRUE,TRUE,TRUE,TRUE,NA
British,ChIJ7w-V58oNdkgRMcz9MMtot9Q,The Orangery Restaurant,"Kensington Palace Gardens, London W8 4PX, United Kingdom",495,3.9,51.5065855,-0.1877335,3,Kensington,FALSE,TRUE,TRUE,NA,TRUE,TRUE,TRUE,TRUE,NA,TRUE,FALSE,TRUE,NA
French,ChIJ3fS9KGEFdkgR659vG--k58k,Margaux,"152 Old Brompton Rd, South Kensington, London SW5 0BE, United Kingdom",390,4.6,51.4908657,-0.1827672,3,Kensington,TRUE,TRUE,TRUE,TRUE,TRUE,TRUE,TRUE,TRUE,TRUE,TRUE,TRUE,TRUE,NA
Chinese,ChIJy1y33_cPdkgRy4SK96aOVBM,Min Jiang,"2, 24 Kensington High St, London W8 4PT, United Kingdom",748,4.4,51.5027523,-0.1878415,4,Kensington,TRUE,TRUE,TRUE,TRUE,FALSE,NA,TRUE,TRUE,TRUE,TRUE,TRUE,NA,NA
Indian,ChIJS2d0gfEPdkgRuvKJvm38hHs,Raj of Kensington,"1 Abingdon Rd, London W8 6AH, United Kingdom",364,4,51.4993332,-0.1969714,2,Kensington,TRUE,TRUE,TRUE,TRUE,NA,FALSE,TRUE,TRUE,TRUE,TRUE,TRUE,TRUE,NA
Japanese,ChIJYRNN72cFdkgRM_8-LtHwok8,Dozo,"68 Old Brompton Rd, South Kensington, London SW7 3LQ, United Kingdom",918,3.8,51.4928986,-0.1769022,2,Kensington,TRUE,TRUE,TRUE,TRUE,FALSE,FALSE,TRUE,TRUE,NA,TRUE,TRUE,NA,NA
Italian,ChIJXV6EH_YPdkgROGp5l7ekCEA,Locanda Ottoemezzo,"2-4 Thackeray St, London W8 5ET, United Kingdom",346,4.5,51.500421,-0.188089,2,Kensington,TRUE,TRUE,TRUE,TRUE,TRUE,TRUE,TRUE,TRUE,NA,TRUE,TRUE,NA,NA
Japanese,ChIJV6l34GYFdkgRVvFHSJPP_NI,Yashin Ocean House,"117, 119 Old Brompton Rd, South Kensington, London SW7 3RN, United Kingdom",480,4.2,51.490998,-0.1804748,3,Kensington,TRUE,TRUE,TRUE,TRUE,FALSE,TRUE,TRUE,TRUE,FALSE,TRUE,TRUE,TRUE,NA
Thai,ChIJl1EJr44FdkgRNBDPv-wUDEA,Meekhun Thai Bistro (Kensington),"9a Gloucester Rd, South Kensington, London SW7 4PP, United Kingdom",140,4.4,51.4989928,-0.1835614,2,Kensington,TRUE,TRUE,TRUE,TRUE,NA,NA,TRUE,TRUE,NA,TRUE,TRUE,NA,NA
European,ChIJFd-HVvcPdkgRUO2vB2jTZX0,Ffiona's,"51 Kensington Church St, London W8 4BA, United Kingdom",639,4.3,51.5040738,-0.1927739,2,Kensington,NA,TRUE,TRUE,TRUE,TRUE,TRUE,TRUE,TRUE,NA,TRUE,TRUE,NA,NA
Italian,ChIJoSuJ5GcFdkgR4MiPFtHmblc,Bella Italia - South Kensington,"60 Old Brompton Rd, South Kensington, London SW7 3DY, United Kingdom",1899,4.2,51.493053,-0.1765604,2,Kensington,TRUE,TRUE,TRUE,TRUE,FALSE,FALSE,FALSE,FALSE,TRUE,TRUE,TRUE,FALSE,NA
Japanese,ChIJbYF04XsPdkgRYuY_9zvfWp8,Akira Restaurant at Japan House London,"101-111 Kensington High St, London W8 5SA, United Kingdom",492,4.2,51.5013559,-0.1916288,3,Kensington,FALSE,TRUE,TRUE,TRUE,NA,NA,TRUE,TRUE,TRUE,TRUE,FALSE,TRUE,FALSE
Lebanese,ChIJxfutAvcPdkgRUZrdTuwRJ9w,Ranoush Juice,"86 Kensington High St, London W8 4SG, United Kingdom",575,4.2,51.5018101,-0.1916425,2,Kensington,TRUE,TRUE,NA,TRUE,NA,NA,TRUE,TRUE,NA,TRUE,TRUE,NA,NA
British,ChIJEZvKQ_EPdkgRWQwUCnF_7fQ,"Balans, Kensington","187 Kensington High St, London W8 6SH, United Kingdom",1275,4.4,51.4999743,-0.1955337,2,Kensington,FALSE,TRUE,TRUE,TRUE,TRUE,TRUE,TRUE,TRUE,TRUE,TRUE,TRUE,TRUE,FALSE
Italian,ChIJYdKq5mcFdkgRvYBMWM-CMz4,Rocca,"73 Old Brompton Rd, South Kensington, London SW7 3JS, United Kingdom",1677,4.3,51.49283,-0.1765548,2,Kensington,TRUE,TRUE,TRUE,TRUE,NA,NA,TRUE,TRUE,TRUE,TRUE,TRUE,TRUE,NA
Chinese,ChIJjQcUp0IFdkgRF8ASwUUTlJo,Jia,"1 Harrington Rd, South Kensington, London SW7 3ES, United Kingdom",663,3.1,51.4940252,-0.1749416,2,Kensington,TRUE,TRUE,TRUE,TRUE,NA,NA,TRUE,TRUE,NA,TRUE,TRUE,NA,TRUE
Fast_food,ChIJbYz9hUIFdkgRyftQ4XwNqro,Honest Burgers South Kensington,"24 Thurloe St, South Kensington, London SW7 2LT, United Kingdom",4186,4.5,51.4943572,-0.1735494,2,Kensington,TRUE,TRUE,TRUE,TRUE,FALSE,TRUE,TRUE,TRUE,TRUE,TRUE,TRUE,TRUE,TRUE
Bar,ChIJgwQn4PYPdkgRhWVEcDrvJNc,Piano Kensington,"Royal Garden Hotel, 2-24 Kensington High St, London W8 4PT, United Kingdom",402,4.4,51.5027489,-0.1882871,2,Kensington,FALSE,TRUE,TRUE,TRUE,NA,NA,NA,NA,NA,TRUE,FALSE,FALSE,NA
European,ChIJ1-By1fMPdkgRHFSgAdcS41Y,Kitchen W8,"11-13 Abingdon Rd, London W8 6AH, United Kingdom",603,4.5,51.4990682,-0.1968676,3,Kensington,FALSE,TRUE,TRUE,FALSE,TRUE,FALSE,TRUE,TRUE,FALSE,TRUE,TRUE,NA,NA
Italian,ChIJpcrtOUNd1moRM9SNgN0396c,Berth,"45 Newquay Promenade, Docklands VIC 3008, Australia",1255,4.3,-37.8151185,144.9418269,2,Docklands,FALSE,TRUE,TRUE,TRUE,FALSE,FALSE,TRUE,TRUE,TRUE,TRUE,TRUE,TRUE,FALSE
Pizza,ChIJS7DTKF1d1moR7RwcyPt11R8,Cargo Bar & Eatery,"55A Newquay Promenade, Docklands VIC 3008, Australia",1871,4.4,-37.8152802,144.9413918,2,Docklands,FALSE,TRUE,TRUE,TRUE,TRUE,TRUE,TRUE,TRUE,TRUE,TRUE,TRUE,TRUE,NA
Lebanese,ChIJb6CD9nxd1moR4D8Bjby-jo8,Corniche Restaurant,"96 River Esplanade, Docklands VIC 3008, Australia",553,4.5,-37.8244171,144.9441986,1,Docklands,TRUE,TRUE,TRUE,TRUE,NA,NA,TRUE,TRUE,NA,TRUE,TRUE,TRUE,NA
Steakhouse,ChIJka0pG1xd1moRq3Exn_PRVZ0,Squires Loft Docklands,"818 Bourke St, Docklands VIC 3008, Australia",851,4.3,-37.8188288,144.9440938,3,Docklands,FALSE,TRUE,TRUE,TRUE,FALSE,NA,TRUE,TRUE,NA,TRUE,TRUE,TRUE,FALSE
Chinese,ChIJVUuZakNd1moRNzSh7g6cg8Q,Docklands Lotus,"16 Newquay Promenade, Docklands VIC 3008, Australia",219,3.7,-37.8142003,144.9439114,2,Docklands,TRUE,TRUE,TRUE,TRUE,NA,NA,TRUE,TRUE,NA,TRUE,TRUE,TRUE,TRUE
Lebanese,ChIJIbVG7Wdd1moR5b-kZ6Bgck8,Almina@Docklands,"shop 11/12/439 Docklands Dr, Docklands VIC 3008, Australia",1895,3.9,-37.8156341,144.9388922,3,Docklands,TRUE,TRUE,TRUE,NA,NA,NA,TRUE,TRUE,NA,NA,TRUE,TRUE,NA
Steakhouse,ChIJVb3BOl1d1moRw5SofFEAhcs,Steakhouse Grill 66,"66 Newquay Promenade, Docklands VIC 3008, Australia",1181,4.3,-37.81494,144.940797,2,Docklands,FALSE,TRUE,TRUE,TRUE,TRUE,TRUE,TRUE,TRUE,TRUE,TRUE,TRUE,TRUE,FALSE
Indian,ChIJo7ELLl1d1moRpMkA8RZuQtU,Bhoj Restaurant,"54 Newquay Promenade, Docklands VIC 3008, Australia",627,3.7,-37.8148833,144.9412694,2,Docklands,TRUE,TRUE,TRUE,TRUE,NA,NA,TRUE,TRUE,TRUE,TRUE,TRUE,NA,NA
Mediterranean,ChIJJUQqO0Nd1moRkcwfMYTfaOM,"Achelya Restaurant, Cafe & Bar","23 Aquitania Way, Docklands VIC 3008, Australia",421,4,-37.814172,144.942681,2,Docklands,TRUE,TRUE,TRUE,TRUE,TRUE,TRUE,TRUE,TRUE,NA,TRUE,TRUE,TRUE,NA
Asian,ChIJQ7OA71td1moRcDGHldt6bHQ,Pok Pok Docklands,"801&803, Bourke St, Docklands VIC 3008, Australia",662,4.1,-37.8195062,144.9454492,2,Docklands,TRUE,TRUE,TRUE,TRUE,FALSE,FALSE,TRUE,TRUE,NA,TRUE,TRUE,NA,NA
Mediterranean,ChIJRUy38gRd1moRsnvL_C3h6no,YASSAS - THE GREEK WAY (DOCKLANDS),"CW G14, The District Docklands, 440 Docklands Dr, Docklands VIC 3008, Australia",227,3.9,-37.811678,144.936977,NA,Docklands,TRUE,TRUE,TRUE,TRUE,FALSE,FALSE,TRUE,TRUE,NA,TRUE,TRUE,FALSE,NA
Italian,ChIJVVUVl2dd1moRFsbXyd08cJY,Dock 18,"443 Docklands Dr, Docklands VIC 3008, Australia",78,4,-37.8151663,144.9381212,NA,Docklands,FALSE,TRUE,TRUE,TRUE,TRUE,TRUE,TRUE,TRUE,NA,TRUE,NA,TRUE,NA
Thai,ChIJL3HkxqVd1moRo6-gpK07_FQ,Thai Thani Docklands,"Shop3/851 Collins St, Docklands VIC 3008, Australia",187,4.2,-37.8213908,144.9436774,2,Docklands,TRUE,TRUE,TRUE,TRUE,NA,NA,TRUE,TRUE,TRUE,TRUE,TRUE,TRUE,TRUE
Asian,ChIJ6Z3hjlpd1moRngM0SRt9DgI,Nine Elephants Thai Restaurant,"8/737 Bourke St, Docklands VIC 3008, Australia",520,4.2,-37.8190634,144.9492039,2,Docklands,TRUE,TRUE,TRUE,TRUE,FALSE,FALSE,TRUE,TRUE,NA,TRUE,TRUE,TRUE,NA
Chinese,ChIJZSCZZWhd1moR8rCoXoWRNAs,Gold Leaf Restaurant,"10-11 Star Cres, Docklands VIC 3008, Australia",910,3.4,-37.8124179,144.9371132,2,Docklands,TRUE,TRUE,TRUE,TRUE,NA,NA,TRUE,TRUE,NA,TRUE,TRUE,TRUE,NA
Italian,ChIJg9BhK11d1moR9bkSU6EBXbQ,Renzo's Bar,"46 Newquay Promenade, Docklands VIC 3008, Australia",820,4.1,-37.8147448,144.9416482,2,Docklands,TRUE,TRUE,TRUE,TRUE,NA,NA,TRUE,TRUE,NA,TRUE,TRUE,TRUE,NA
Bar,ChIJ87xcp15d1moRKQkIyhD0WJo,TAP831,"831 Bourke St, Docklands VIC 3008, Australia",613,4.1,-37.8201016,144.9436663,2,Docklands,FALSE,TRUE,TRUE,TRUE,NA,NA,TRUE,TRUE,TRUE,TRUE,TRUE,TRUE,TRUE
Bar,ChIJRav1jVpd1moRHiehg0PNjbw,Platform 28,"82 Village St, Docklands VIC 3008, Australia",1248,4,-37.81855,144.949189,2,Docklands,FALSE,TRUE,TRUE,TRUE,NA,TRUE,TRUE,TRUE,TRUE,TRUE,TRUE,TRUE,NA
Japanese,ChIJH871CnRd1moROdIc0ILdMmQ,Fukutontei Ramen Docklands,"CW G15, The District Docklands, 440 Docklands Dr, Docklands VIC 3008, Australia",378,3.9,-37.8116887,144.9370704,NA,Docklands,TRUE,TRUE,TRUE,TRUE,FALSE,NA,TRUE,TRUE,NA,NA,TRUE,TRUE,NA
Asian,ChIJjanRFGhd1moRsvJsmWaR6KA,Old Man Pho Docklands - Vietnamese Restaurant,"Shop CC/4 Star Circus, Docklands VIC 3008, Australia",274,3.7,-37.8122938,144.9377961,2,Docklands,TRUE,TRUE,FALSE,TRUE,TRUE,NA,TRUE,TRUE,NA,NA,TRUE,TRUE,NA
International,ChIJQ_3VNiRo1moRooREwqEzkhc,Atlas Dining,"133 Commercial Rd, South Yarra VIC 3141, Australia",551,4.5,-37.8463303,144.9909473,2,South Yarra,TRUE,TRUE,TRUE,TRUE,FALSE,FALSE,TRUE,TRUE,TRUE,TRUE,TRUE,NA,NA
Italian,ChIJm1oZ3IJC1moRp2og8RmmUxM,Caffe e Cucina,"581 Chapel St, South Yarra VIC 3141, Australia",721,4.5,-37.8401963,144.9953551,3,South Yarra,FALSE,TRUE,TRUE,TRUE,FALSE,NA,TRUE,TRUE,NA,TRUE,TRUE,FALSE,FALSE
Italian,ChIJUc9Lz51C1moRn6zjuDZgzu4,Da Noi,"95 Toorak Rd, South Yarra VIC 3141, Australia",270,4.5,-37.8386253,144.9896649,2,South Yarra,FALSE,TRUE,TRUE,TRUE,FALSE,NA,TRUE,TRUE,TRUE,TRUE,TRUE,TRUE,TRUE
Steakhouse,ChIJL3fHDINC1moRHS67xr68fio,The Meat & Wine Co South Yarra,"The Como Centre Shop 4 Corner Toorak Road &, Chapel St, South Yarra VIC 3141, Australia",847,4.3,-37.8394928,144.9964165,3,South Yarra,FALSE,TRUE,TRUE,TRUE,FALSE,FALSE,TRUE,TRUE,TRUE,TRUE,TRUE,TRUE,NA
Italian,ChIJK3URt4JC1moRRZS4-HardUU,Thirty Eight Chairs,"4 Bond St, South Yarra VIC 3141, Australia",1177,4.6,-37.8411108,144.9946972,2,South Yarra,NA,TRUE,TRUE,TRUE,NA,TRUE,TRUE,TRUE,TRUE,TRUE,TRUE,TRUE,TRUE
French,ChIJb_hh2yRo1moR4rbmucYGPuQ,Chez Olivier Le Bistro,"268 Toorak Rd, South Yarra VIC 3141, Australia",431,4.6,-37.8396712,144.9962356,3,South Yarra,FALSE,TRUE,TRUE,TRUE,FALSE,NA,TRUE,TRUE,NA,TRUE,TRUE,NA,NA
European,ChIJC7lsQJ5C1moRdqnGg4UJVIM,Omnia Bistro & Bar,"625 Chapel St, South Yarra VIC 3141, Australia",373,4.6,-37.8391244,144.9954401,NA,South Yarra,TRUE,TRUE,TRUE,TRUE,FALSE,FALSE,TRUE,TRUE,TRUE,TRUE,TRUE,TRUE,NA
Italian,ChIJMbjq351C1moRIF6yNSR_YOs,🍴Cosi Bar Ristorante South Yarra - Italian Restaurant since 1996,"68 Toorak Rd, South Yarra VIC 3141, Australia",705,4.7,-37.8387992,144.9888325,2,South Yarra,TRUE,TRUE,TRUE,TRUE,NA,NA,TRUE,TRUE,NA,TRUE,TRUE,NA,NA
Steakhouse,ChIJESEEXoNC1moR8HpsSvFwd_k,Steer Dining Room Restaurant,"15 Claremont St, South Yarra VIC 3141, Australia",510,4.7,-37.8376944,144.993575,4,South Yarra,FALSE,TRUE,TRUE,TRUE,FALSE,FALSE,TRUE,NA,TRUE,TRUE,FALSE,TRUE,FALSE
French,ChIJo5CTOJ5C1moR4QDlRgXnx84,France-Soir,"11 Toorak Rd, South Yarra VIC 3141, Australia",1090,4.3,-37.8382593,144.9868875,3,South Yarra,FALSE,TRUE,TRUE,TRUE,FALSE,NA,TRUE,TRUE,NA,TRUE,FALSE,NA,NA
European,ChIJM3mtIh5o1moRJjBQJHr8fYs,Bistro Gitan,"52 Toorak Rd West, South Yarra VIC 3141, Australia",409,4.5,-37.8372228,144.9791594,3,South Yarra,FALSE,TRUE,TRUE,TRUE,FALSE,NA,TRUE,TRUE,NA,TRUE,FALSE,TRUE,FALSE
Cafe,ChIJZUeIv6FC1moRDgU0kg7V02A,Gilson South Yarra,"171 Domain Rd, South Yarra VIC 3141, Australia",629,3.9,-37.8342303,144.9818309,2,South Yarra,NA,TRUE,TRUE,TRUE,TRUE,TRUE,TRUE,TRUE,TRUE,TRUE,TRUE,FALSE,NA
Steakhouse,ChIJY3dgAZ1C1moR_8qJy8XIJZw,Squires Loft South Yarra,"3/166 Toorak Rd, South Yarra VIC 3141, Australia",626,4.6,-37.8392301,144.9926344,3,South Yarra,FALSE,TRUE,TRUE,TRUE,FALSE,FALSE,TRUE,TRUE,TRUE,TRUE,TRUE,TRUE,TRUE
Asian,ChIJ8TSEBYNC1moR7kjIHwFh5Cc,Blossom Thai,"36 Cunningham St, South Yarra VIC 3141, Australia",487,4.6,-37.8399847,144.9969491,2,South Yarra,TRUE,TRUE,TRUE,TRUE,FALSE,NA,TRUE,TRUE,TRUE,TRUE,TRUE,TRUE,NA
Italian,ChIJvUWEEp5C1moRekPwXCImLY8,Bar Carolina,"44 Toorak Rd, South Yarra VIC 3141, Australia",425,4.5,-37.838679,144.9880041,2,South Yarra,FALSE,TRUE,TRUE,TRUE,NA,NA,TRUE,TRUE,NA,TRUE,TRUE,TRUE,NA
Chinese,ChIJE4v9FMlC1moRW6YQxOcagjU,Dainty Sichuan Food 天府川菜馆- South Yarra Store,"176 Toorak Rd, South Yarra VIC 3141, Australia",981,4,-37.8392682,144.9930122,3,South Yarra,TRUE,TRUE,TRUE,TRUE,NA,NA,TRUE,TRUE,NA,TRUE,FALSE,FALSE,NA
Asian,ChIJe_t_BYNC1moRnI3Q_Dah5O8,misschu,"276 Toorak Rd, South Yarra VIC 3141, Australia",389,3.6,-37.8396928,144.9964592,2,South Yarra,TRUE,TRUE,TRUE,TRUE,FALSE,NA,TRUE,TRUE,TRUE,TRUE,TRUE,TRUE,NA
Australian,ChIJbbpoYYNC1moRYgyPOmY_Lcg,Spoonbill Restaurant and Bar,"637/641 Chapel St, South Yarra VIC 3141, Australia",197,3.7,-37.8379491,144.9957656,2,South Yarra,FALSE,TRUE,TRUE,TRUE,TRUE,TRUE,TRUE,TRUE,NA,TRUE,NA,TRUE,NA
Italian,ChIJF4Jdw4JC1moRM4fjlCi9Oxs,Chapelli's,"571 Chapel St, South Yarra VIC 3141, Australia",1332,4.1,-37.8404575,144.995129,2,South Yarra,TRUE,TRUE,TRUE,TRUE,TRUE,TRUE,TRUE,TRUE,NA,TRUE,TRUE,NA,NA
Italian,ChIJwzdCz51C1moRYqoaSuVsMyo,La Porchetta South Yarra,"93 Toorak Rd, South Yarra VIC 3141, Australia",333,4.1,-37.8386138,144.9895764,2,South Yarra,TRUE,TRUE,TRUE,TRUE,NA,NA,TRUE,TRUE,NA,TRUE,TRUE,FALSE,NA
Caucasian,ChIJt2_DU3dD1moRmyJ310Eupeg,Matilda 159 Domain,"159 Domain Rd, South Yarra VIC 3141, Australia",603,4.2,-37.8342101,144.9816379,3,South Yarra,FALSE,TRUE,TRUE,TRUE,TRUE,TRUE,TRUE,TRUE,TRUE,TRUE,NA,TRUE,NA
Japanese,ChIJrwoEmINC1moRkJpeHmot4lU,Yoshi,"315 Toorak Rd, South Yarra VIC 3141, Australia",107,4.3,-37.8396276,144.9976113,2,South Yarra,TRUE,TRUE,TRUE,TRUE,NA,NA,TRUE,TRUE,TRUE,TRUE,TRUE,NA,NA
Japanese,ChIJP23uetVD1moRCDkMczDiaFY,Oushou,"264-266 Toorak Rd, South Yarra VIC 3141, Australia",152,4.3,-37.8396545,144.9960937,NA,South Yarra,TRUE,TRUE,TRUE,TRUE,NA,NA,TRUE,TRUE,NA,TRUE,TRUE,NA,TRUE
Vietnamese,ChIJw2kzpyto1moRgnRlsM9wG_c,Rock Sugar Melbourne,"477 Malvern Rd, South Yarra VIC 3141, Australia",285,4.2,-37.8478788,145.0023805,NA,South Yarra,TRUE,TRUE,TRUE,TRUE,NA,TRUE,TRUE,TRUE,TRUE,TRUE,TRUE,NA,NA
International,ChIJBQfqHSZo1moRIO1xCGLLEcU,Abacus Bar & Kitchen,"383 Chapel St, South Yarra VIC 3141, Australia",1547,4.2,-37.845675,144.9941417,2,South Yarra,FALSE,TRUE,TRUE,TRUE,TRUE,TRUE,TRUE,TRUE,TRUE,TRUE,TRUE,TRUE,NA
Asian,ChIJHWGUBYNC1moRtdi6fPmfVFs,Mai Jia,"280 Toorak Rd, South Yarra VIC 3141, Australia",322,4.7,-37.8397041,144.9965515,2,South Yarra,TRUE,TRUE,TRUE,TRUE,FALSE,NA,TRUE,TRUE,NA,TRUE,TRUE,TRUE,FALSE
Australian,ChIJJTaspYNC1moR0c_HxSikmk0,Shadowboxer Bar & Kitchen,"302 Toorak Rd, South Yarra VIC 3141, Australia",243,4.8,-37.8398818,144.9974743,2,South Yarra,FALSE,TRUE,TRUE,TRUE,NA,NA,NA,NA,NA,TRUE,TRUE,FALSE,NA
Italian,ChIJDdtKACZo1moRUF-scQD8kQE,Speakeasy Kitchen Bar,"359 Chapel St, South Yarra VIC 3141, Australia",532,4.3,-37.8463546,144.9941042,2,South Yarra,TRUE,TRUE,TRUE,TRUE,TRUE,TRUE,TRUE,TRUE,TRUE,TRUE,TRUE,TRUE,NA
Italian,ChIJ1VZeWylo1moRnvWbGg91Z0o,48h Pizza e Gnocchi Bar South Yarra,"373 Malvern Rd, South Yarra VIC 3141, Australia",854,4.3,-37.8474284,144.999121,2,South Yarra,TRUE,TRUE,TRUE,TRUE,NA,NA,TRUE,TRUE,NA,TRUE,TRUE,NA,NA
Italian,ChIJQUDpsZ1C1moRU2qFNE4dZ78,Versachis Pizza & Wine Bar South Yarra,"129 Toorak Rd, South Yarra VIC 3141, Australia",429,4.3,-37.8387438,144.9907188,2,South Yarra,TRUE,TRUE,TRUE,TRUE,FALSE,NA,TRUE,TRUE,TRUE,TRUE,TRUE,NA,FALSE
Indian,ChIJe4YrIZ1C1moRgWNJv1M4wy4,The Yarra Indian,"Unit 3/180 Toorak Rd, South Yarra VIC 3141, Australia",408,3.3,-37.8394467,144.9931728,1,South Yarra,TRUE,TRUE,TRUE,FALSE,FALSE,FALSE,TRUE,TRUE,TRUE,FALSE,TRUE,FALSE,NA
Bar,ChIJ-9kBvIJC1moRSgjbhSU_eLk,Imperial South Yarra,"522 Chapel St, South Yarra VIC 3141, Australia",782,4.3,-37.8415269,144.9953412,2,South Yarra,TRUE,TRUE,TRUE,TRUE,NA,TRUE,TRUE,TRUE,TRUE,TRUE,TRUE,NA,NA
Asian,ChIJfdMGT1xD1moRNkKCEce-q80,7 ZAAB THAI RESTAURANT by OZZYTHAI,"Shop 1b/7 Yarra St, South Yarra VIC 3141, Australia",89,4.1,-37.8376755,144.9929301,NA,South Yarra,TRUE,TRUE,FALSE,TRUE,NA,NA,TRUE,TRUE,TRUE,TRUE,TRUE,TRUE,TRUE
Asian,ChIJY_Y6eiho1moRB0s9JERUDE0,Oriental Teahouse South Yarra,"455 Chapel St, South Yarra VIC 3141, Australia",982,4.5,-37.8437912,144.9944366,2,South Yarra,TRUE,TRUE,TRUE,TRUE,FALSE,TRUE,TRUE,TRUE,TRUE,TRUE,TRUE,FALSE,NA
Italian,ChIJ8cuP6Cto1moRNca653r6fkk,Fratellino,"415 Malvern Rd, South Yarra VIC 3141, Australia",580,4.3,-37.8475773,145.0004532,1,South Yarra,TRUE,TRUE,TRUE,TRUE,FALSE,FALSE,TRUE,NA,NA,TRUE,TRUE,TRUE,NA
Seafood,ChIJrVRewKFC1moRqurLpmm_Hy4,Bacash Restaurant,"175 Domain Rd, South Yarra VIC 3141, Australia",244,4.5,-37.834176,144.9819455,2,South Yarra,FALSE,TRUE,TRUE,TRUE,FALSE,FALSE,TRUE,TRUE,NA,TRUE,FALSE,FALSE,FALSE
Chinese,ChIJfdJB1ZxC1moRL09Y_pAwjp8,Pacific Seafood BBQ House South Yarra,"Shop 1/210 Toorak Rd, South Yarra VIC 3141, Australia",806,4.2,-37.8394576,144.9941121,2,South Yarra,TRUE,TRUE,TRUE,TRUE,FALSE,NA,TRUE,TRUE,NA,TRUE,TRUE,FALSE,NA
Bar,ChIJ8fI8qJ1C1moR3GTCl4EW2y4,Cafe Republic.,"160 Toorak Rd, South Yarra VIC 3141, Australia",556,4.2,-37.839126,144.9914767,2,South Yarra,TRUE,TRUE,TRUE,TRUE,TRUE,TRUE,TRUE,TRUE,NA,TRUE,TRUE,NA,NA
Chinese,ChIJx26XbJ5C1moR6HqMxAK-5ts,Tao Dumplings,"37 Toorak Rd, South Yarra VIC 3141, Australia",428,4.2,-37.8383738,144.9877473,2,South Yarra,TRUE,TRUE,TRUE,TRUE,FALSE,FALSE,TRUE,TRUE,TRUE,TRUE,TRUE,TRUE,NA
Japanese,ChIJG-XFUYNC1moR_1JQnQr2qns,Two Wrongs,"637 Chapel St, South Yarra VIC 3141, Australia",560,4.2,-37.8378552,144.9957191,2,South Yarra,TRUE,TRUE,TRUE,TRUE,NA,TRUE,TRUE,TRUE,TRUE,TRUE,TRUE,TRUE,NA
Italian,ChIJrXYP7oRC1moRKAtFEqBiyv8,A25 Pizzeria,"720 Chapel St, South Yarra VIC 3141, Australia",1138,4.3,-37.8365604,144.9964155,2,South Yarra,TRUE,TRUE,TRUE,TRUE,FALSE,TRUE,TRUE,TRUE,TRUE,TRUE,TRUE,TRUE,NA
Japanese,ChIJWWvkgmhD1moRXp8v2DveBsY,"Mr.Tam Asian Fusion Restaurant - Dating, Modern, Dining ,Sashimi, Sake, Whiskey","306 Toorak Rd, South Yarra VIC 3141, Australia",79,4.6,-37.8399738,144.9976091,NA,South Yarra,TRUE,TRUE,TRUE,TRUE,FALSE,TRUE,TRUE,TRUE,NA,TRUE,TRUE,TRUE,TRUE
Cafe,ChIJrUufwYNC1moRVKyp6OMEMUE,Verve Spice,"330 Toorak Rd, South Yarra VIC 3141, Australia",120,4.9,-37.8399543,144.9986252,NA,South Yarra,TRUE,TRUE,TRUE,TRUE,FALSE,FALSE,TRUE,FALSE,TRUE,TRUE,TRUE,NA,TRUE
Indian,ChIJEw3GpINC1moRSIyOw1VxXfg,Spice Club Indian Brasserie,"308 Toorak Rd, South Yarra VIC 3141, Australia",310,4.1,-37.8398826,144.9977266,2,South Yarra,TRUE,TRUE,TRUE,TRUE,FALSE,TRUE,TRUE,TRUE,TRUE,TRUE,TRUE,FALSE,NA
Seafood,ChIJ47mcnIRC1moR8iwvQ9eznQY,Hunky Dory Fish & Chips South Yarra,"670 Chapel St, South Yarra VIC 3141, Australia",647,4.2,-37.8373603,144.9962102,2,South Yarra,TRUE,TRUE,NA,TRUE,FALSE,NA,TRUE,TRUE,NA,TRUE,TRUE,TRUE,NA
Latin,ChIJe_tJ-7VD1moRvLTT4yecfZw,Lona Misa,"234 Toorak Rd, South Yarra VIC 3141, Australia",385,4.6,-37.8396541,144.9948592,NA,South Yarra,FALSE,TRUE,TRUE,TRUE,TRUE,NA,TRUE,TRUE,TRUE,TRUE,TRUE,TRUE,FALSE
Japanese,ChIJx2vR3IJC1moReeGxCnG0bSQ,Kanpai,"569 Chapel St, South Yarra VIC 3141, Australia",324,4,-37.8405442,144.9952732,2,South Yarra,FALSE,TRUE,TRUE,TRUE,FALSE,FALSE,TRUE,TRUE,NA,TRUE,TRUE,NA,FALSE
American,ChIJW-4rQCho1moRuSTwOobeODY,Leonards House Of Love,"3 Wilson St, South Yarra VIC 3141, Australia",1960,4.6,-37.8436788,144.9956675,2,South Yarra,TRUE,TRUE,NA,TRUE,NA,NA,NA,NA,NA,TRUE,TRUE,NA,NA
Italian,ChIJ9f7HQrJC1moRwo_U9X7VL-E,"La Camera, Italian Restaurant","MR2/3 Southgate Ave, Southbank VIC 3006, Australia",1013,4.2,-37.8200651,144.9666394,2,Southbank,FALSE,TRUE,TRUE,TRUE,NA,TRUE,TRUE,TRUE,TRUE,TRUE,TRUE,TRUE,NA
European,ChIJgZOibbFC1moRsAR-TgIQ340,The Deck Southbank,"UPPER, LEVEL U1/2 Southgate Ave, Southbank VIC 3006, Australia",158,4.3,-37.8201534,144.9668346,3,Southbank,FALSE,TRUE,TRUE,TRUE,TRUE,TRUE,TRUE,TRUE,TRUE,TRUE,NA,TRUE,NA
Bar,ChIJFwC1lrJC1moRjtLuCpWlcF0,Left Bank Melbourne Restaurant & Cocktail Bar,"1 Southbank Blvd, Southbank VIC 3006, Australia",4475,4.3,-37.8210084,144.9628614,2,Southbank,FALSE,TRUE,TRUE,TRUE,TRUE,TRUE,TRUE,TRUE,TRUE,TRUE,TRUE,TRUE,NA
Steakhouse,ChIJjXmoUa1C1moRMhlWBIe9Jpg,The Meat & Wine Co Southbank,"Freshwater Place, 3 Queens Bridge St, Southbank VIC 3006, Australia",3151,4.3,-37.8215461,144.961854,3,Southbank,FALSE,TRUE,TRUE,TRUE,FALSE,NA,TRUE,TRUE,TRUE,TRUE,TRUE,TRUE,TRUE
Mediterranean,ChIJcScB2rNC1moRZSBo-Wm8C-0,YASSAS - THE GREEK WAY (SOUTHBANK),"4-9, Level M/3 Southgate Ave, Southbank VIC 3006, Australia",1206,4,-37.8201217,144.9661924,2,Southbank,TRUE,TRUE,TRUE,TRUE,FALSE,TRUE,TRUE,TRUE,TRUE,TRUE,TRUE,TRUE,NA
Italian,ChIJ1zaYQrFC1moRYTQxlnRsC_0,Teatro Restaurant,"37.819757, Southbank Promenade Melbourne VIC 3004, 144/967366 Southbank Promenade, Southbank VIC 3006, Australia",173,4,-37.8198212,144.9673907,2,Southbank,FALSE,TRUE,TRUE,TRUE,NA,TRUE,TRUE,TRUE,TRUE,TRUE,TRUE,TRUE,NA
Contemporary,ChIJq6r217NC1moRLKIcjBXmx5g,Pure South Kitchen,"GR2 River Level Southgate Precinct, 3 Southgate Ave, Southbank VIC 3006, Australia",1139,4.1,-37.8202814,144.9652412,2,Southbank,NA,TRUE,TRUE,TRUE,TRUE,TRUE,TRUE,TRUE,NA,TRUE,TRUE,TRUE,NA
Australian,ChIJ6eEhZa1C1moR4Ls34LGLXvE,The Breslin Bar & Grill,"1 Southbank Blvd, Southbank VIC 3006, Australia",1513,4.2,-37.8208499,144.9629618,2,Southbank,FALSE,TRUE,TRUE,TRUE,FALSE,TRUE,TRUE,TRUE,NA,TRUE,NA,NA,NA
Asian,ChIJfS2hGdpD1moR6PmNDzQdW4M,Old Man Pho Southbank,"T2/1 Southbank Blvd, Southbank VIC 3006, Australia",345,4.5,-37.8210966,144.9630499,NA,Southbank,TRUE,TRUE,TRUE,TRUE,NA,NA,TRUE,TRUE,TRUE,TRUE,TRUE,TRUE,NA
Seafood,ChIJs-Q2IlNd1moRCKATMhnSiEc,The Atlantic,"8 Whiteman St, Southbank VIC 3006, Australia",1510,3.9,-37.822549,144.958882,4,Southbank,FALSE,TRUE,TRUE,TRUE,FALSE,FALSE,TRUE,TRUE,NA,TRUE,FALSE,TRUE,FALSE
Contemporary,ChIJiVdW17NC1moR-szxoi5qpgo,Bluetrain,"3 Southgate Ave, Southbank VIC 3006, Australia",531,4,-37.8201184,144.9662684,2,Southbank,FALSE,TRUE,TRUE,TRUE,FALSE,FALSE,TRUE,TRUE,NA,TRUE,TRUE,TRUE,NA
Chinese,ChIJwd0Cv1Jd1moRmT612H04gRc,Spice Temple,"8 Whiteman St, Southbank VIC 3006, Australia",617,3.9,-37.8219651,144.9599672,4,Southbank,FALSE,TRUE,TRUE,TRUE,FALSE,FALSE,TRUE,TRUE,NA,TRUE,NA,TRUE,NA
Italian,ChIJreaFNbJC1moRpXUSN5IQbmk,Tutto Bene,"M28/3 Southgate Ave, Southbank VIC 3006, Australia",392,3.6,-37.8202591,144.9659072,2,Southbank,NA,TRUE,TRUE,TRUE,NA,NA,TRUE,TRUE,NA,TRUE,TRUE,TRUE,NA
Contemporary,ChIJBTyUPlpD1moRX_z9jQURl7A,Pure South Dining,"MR6 Mid Level Southgate Building, 3 Southgate Ave, Southbank VIC 3006, Australia",100,4.2,-37.820556,144.965833,NA,Southbank,FALSE,TRUE,TRUE,TRUE,TRUE,TRUE,TRUE,TRUE,NA,TRUE,TRUE,TRUE,NA
International,ChIJLYGSDq1C1moRjaITAwWr2f8,Dee Casa - Restaurant & Bar,"139 City Rd, Southbank VIC 3006, Australia",130,3.7,-37.8233959,144.9633395,2,Southbank,TRUE,TRUE,TRUE,TRUE,TRUE,NA,TRUE,TRUE,NA,TRUE,TRUE,TRUE,NA
Italian,ChIJ0w7Po7JC1moRkfnUvgHePjQ,Criniti's Southbank,"645 Freshwater Pl, Southbank VIC 3006, Australia",2921,3.4,-37.8214199,144.9622424,3,Southbank,TRUE,TRUE,TRUE,TRUE,TRUE,TRUE,TRUE,TRUE,TRUE,TRUE,TRUE,TRUE,NA
Italian,ChIJ2d9nj7JC1moRvdqDm0DSNCQ,Soho Restaurant and Bar,"2/4 Riverside Quay, Southbank VIC 3006, Australia",1904,4,-37.8207812,144.9632448,2,Southbank,FALSE,TRUE,TRUE,TRUE,FALSE,FALSE,TRUE,TRUE,TRUE,TRUE,TRUE,TRUE,NA
Argentinean,ChIJ4xaW-AJD1moR-4fAxvspuR0,Asado,"6 Riverside Quay, Southbank VIC 3006, Australia",2062,4.4,-37.8208984,144.9640633,3,Southbank,FALSE,TRUE,TRUE,TRUE,TRUE,TRUE,TRUE,TRUE,TRUE,TRUE,NA,TRUE,FALSE
International,ChIJJXFPe7FC1moR0iR-cRU7_F0,Jarrah Restaurant & Bar,"26 Southgate Ave, Southbank VIC 3006, Australia",29,4.2,-37.8202763,144.9671612,1,Southbank,FALSE,TRUE,TRUE,TRUE,TRUE,NA,TRUE,TRUE,NA,TRUE,NA,TRUE,NA
Steakhouse,ChIJs-Q2IlNd1moRXYbJPnkbnjY,Rockpool Bar & Grill,"Crown Casino, 8 Whiteman St, Southbank VIC 3006, Australia",1849,4.1,-37.8218482,144.96027,4,Southbank,FALSE,TRUE,TRUE,TRUE,FALSE,FALSE,TRUE,TRUE,TRUE,TRUE,TRUE,TRUE,NA
Japanese,ChIJ4QDlhK1C1moRHe7gAH08xSo,Miyako Japanese Cuisine & Teppanyaki,"Southgate Arts & Leisure Precinct, Shop, UR2/3 Southgate Ave, Southbank VIC 3006, Australia",513,4.1,-37.8201378,144.9665086,2,Southbank,TRUE,TRUE,TRUE,TRUE,NA,NA,TRUE,TRUE,TRUE,TRUE,TRUE,TRUE,NA
Italian,ChIJuf4fgVNd1moRCOxhBhnDtyM,Rosetta Ristorante,"Crown Riverwalk, Crown Melbourne, 8 Whiteman St, Southbank VIC 3006, Australia",595,4,-37.8215883,144.9605757,2,Southbank,FALSE,TRUE,TRUE,TRUE,NA,NA,TRUE,TRUE,NA,TRUE,FALSE,TRUE,FALSE
Japanese,ChIJs-Q2IlNd1moRcLgzy7bPCDQ,Koko,"Level 3, Crown Towers, 8 Whiteman St, Southbank VIC 3006, Australia",553,4.3,-37.8220786,144.9598287,3,Southbank,FALSE,TRUE,TRUE,TRUE,NA,NA,TRUE,TRUE,NA,TRUE,FALSE,TRUE,NA
Asian,ChIJLVH3bKlC1moRx3TW_R-cYnw,Ayam Chef,"67-69 Coventry St, Southbank VIC 3006, Australia",766,4.4,-37.8297918,144.9679135,1,Southbank,TRUE,TRUE,TRUE,TRUE,FALSE,FALSE,TRUE,TRUE,TRUE,TRUE,TRUE,TRUE,TRUE
Australian,ChIJgZOibbFC1moRMjs9MlqIuIc,BearBrass,"GR3A/3 Southgate Ave, Southbank VIC 3006, Australia",984,4,-37.8201819,144.9658567,2,Southbank,FALSE,TRUE,TRUE,TRUE,TRUE,TRUE,TRUE,TRUE,NA,TRUE,TRUE,TRUE,NA
French,ChIJs-Q2IlNd1moRkCphqzaZs1Q,Bistro Guillaume,"8, Riverside, Crown Melbourne, Whiteman St, Southbank VIC 3006, Australia",671,4,-37.8221868,144.9594149,3,Southbank,FALSE,TRUE,TRUE,TRUE,FALSE,TRUE,TRUE,TRUE,NA,TRUE,TRUE,TRUE,NA
Asian,ChIJdQILjrJC1moRkAesYODW0jk,Thailander Riverside Quay,"4/4 Riverside Quay, Southbank VIC 3006, Australia",151,3.8,-37.8211391,144.9633121,NA,Southbank,TRUE,TRUE,TRUE,TRUE,FALSE,NA,TRUE,TRUE,TRUE,TRUE,TRUE,TRUE,NA
Seafood,ChIJs-Q2IlNd1moRupUM9Le77E4,Waterfront Southgate,"Southgate Precinct, 20/3 Southgate Ave, Southbank VIC 3006, Australia",1068,4.3,-37.8202217,144.9656542,3,Southbank,FALSE,TRUE,TRUE,TRUE,FALSE,FALSE,TRUE,TRUE,TRUE,TRUE,NA,TRUE,NA
Japanese,ChIJs-Q2IlNd1moRSMORcPpPc54,Nobu,"Crown Riverwalk, Crown Melbourne, 8 Whiteman St, Southbank VIC 3006, Australia",1215,3.9,-37.8220682,144.959651,4,Southbank,TRUE,TRUE,TRUE,TRUE,FALSE,NA,TRUE,TRUE,NA,TRUE,FALSE,TRUE,NA
Italian,ChIJuf4fgVNd1moRohOMs6SuXCY,Gradi at Crown Melbourne,"8 Whiteman St, Southbank VIC 3006, Australia",3027,4.2,-37.8227725,144.9583346,3,Southbank,FALSE,TRUE,TRUE,TRUE,FALSE,NA,TRUE,TRUE,TRUE,TRUE,TRUE,TRUE,NA
Italian,ChIJs-Q2IlNd1moRWMeetOC96a8,Cervo,"Crown Riverwalk, Crown Melbourne, 28/8 Whiteman Street, Southbank VIC 3006, Australia",558,3.6,-37.823093,144.957826,2,Southbank,FALSE,TRUE,TRUE,TRUE,TRUE,TRUE,TRUE,TRUE,NA,TRUE,TRUE,TRUE,FALSE
Chinese,ChIJgZOibbFC1moREGFW5OuNjPk,Red Emperor (Southgate) Chinese Restaurant,"M10/3 Southgate Ave, Southbank VIC 3006, Australia",657,4,-37.8200814,144.9664159,2,Southbank,TRUE,TRUE,TRUE,TRUE,FALSE,NA,TRUE,TRUE,TRUE,TRUE,TRUE,TRUE,NA
Seafood,ChIJs-Q2IlNd1moRGGzNOjgw9Hg,Conservatory,"Crown Melbourne, Crown Towers, Level 1/8 Whiteman St, Southbank VIC 3006, Australia",2062,4.3,-37.82242,144.9594709,3,Southbank,FALSE,TRUE,TRUE,TRUE,TRUE,TRUE,TRUE,TRUE,TRUE,TRUE,FALSE,TRUE,NA
Chinese,ChIJG2V9klNd1moRPQYIb3q-5EQ,Man Tong Kitchen,"Crown Entertainment Complex, 8 Whiteman St, Southbank VIC 3006, Australia",443,3.2,-37.8234367,144.9580861,1,Southbank,FALSE,TRUE,TRUE,TRUE,FALSE,NA,TRUE,TRUE,TRUE,TRUE,TRUE,TRUE,NA
Asian,ChIJ4-k_G65C1moRX3g97je74tA,Blondie Bar,"Cnr Southbank Boulevard &, 31 Sturt St, Southbank VIC 3006, Australia",263,4.1,-37.8238338,144.9678462,2,Southbank,TRUE,TRUE,TRUE,TRUE,TRUE,TRUE,TRUE,TRUE,TRUE,TRUE,TRUE,TRUE,NA
Asian,ChIJaThpTshC1moRHUu5_bXML2A,Southbank Noodle Bar,"12/89 City Rd, Southbank VIC 3006, Australia",96,4.1,-37.8225212,144.9651031,1,Southbank,TRUE,TRUE,NA,NA,NA,NA,TRUE,TRUE,NA,NA,TRUE,NA,NA
Japanese,ChIJNU4yR7FC1moRjYwkSIJQblo,Saké Restaurant & Bar,"100 St Kilda Rd, Southbank VIC 3004, Australia",601,4.2,-37.8199177,144.9677708,3,Southbank,TRUE,TRUE,TRUE,TRUE,FALSE,FALSE,TRUE,TRUE,NA,TRUE,TRUE,TRUE,NA
Bar,ChIJ36msuKFD1moRRp5EwQvZODQ,Yarra Botanica,"Southbank Promenade, Southbank VIC 3006, Australia",944,4.2,-37.8203048,144.9635772,2,Southbank,FALSE,TRUE,TRUE,TRUE,NA,TRUE,TRUE,TRUE,NA,TRUE,NA,TRUE,NA
Japanese,ChIJQX_3jbJC1moRwI-QdZK3f3g,Infinite Wasabi,"3/4 Riverside Quay, Southbank VIC 3006, Australia",NA,ChIJQX_3jbJC1moRwI-QdZK3f3g,-37.8210698,144.9632597,4.7,Southbank,TRUE,TRUE,TRUE,TRUE,FALSE,NA,TRUE,TRUE,TRUE,TRUE,TRUE,TRUE,NA
Seafood,ChIJs-Q2IlNd1moRS42RKE6g7k8,Mesh Restaurant,"Power Street Reserve, 8 Whiteman St, Southbank VIC 3006, Australia",2,ChIJs-Q2IlNd1moRS42RKE6g7k8,-37.8238322,144.9603312,4.2,Southbank,FALSE,TRUE,TRUE,TRUE,TRUE,TRUE,TRUE,TRUE,TRUE,TRUE,FALSE,TRUE,NA
International,ChIJZ-xZZrJC1moRuDmVvlWC5fM,Eureka 89,"Eureka Tower, Level 89/7 Riverside Quay, Southbank VIC 3006, Australia",3,ChIJZ-xZZrJC1moRuDmVvlWC5fM,-37.8213341,144.9646982,4.7,Southbank,FALSE,TRUE,TRUE,TRUE,NA,NA,TRUE,TRUE,NA,TRUE,FALSE,TRUE,NA
Japanese,ChIJdyhPUdRD1moRGxyrOT-HpwA,Waterfront Dining Brisbane,"4 Riverside Quay, Southbank VIC 3006, Australia",NA,ChIJdyhPUdRD1moRGxyrOT-HpwA,-37.8208918,144.9633777,0,Southbank,NA,TRUE,NA,NA,NA,NA,TRUE,TRUE,NA,TRUE,TRUE,TRUE,NA
Italian,ChIJQW2PlVNd1moRGkH3j2SCNuU,Cucina,"8 Whiteman St, Southbank VIC 3006, Australia",NA,ChIJQW2PlVNd1moRGkH3j2SCNuU,-37.8234809,144.9572706,2.7,Southbank,FALSE,TRUE,TRUE,TRUE,NA,NA,TRUE,TRUE,TRUE,TRUE,TRUE,TRUE,NA
Asian,ChIJ4XiFZh9D1moRKHiz4fLLJ4Y,Miss Pearl Bar + Dining,"140 Southbank Blvd, Southbank VIC 3006, Australia",NA,ChIJ4XiFZh9D1moRKHiz4fLLJ4Y,-37.8240098,144.9681533,4.4,Southbank,FALSE,TRUE,TRUE,TRUE,NA,NA,TRUE,TRUE,NA,TRUE,FALSE,TRUE,FALSE
Italian,ChIJASyEGq1C1moRULayAWTRVHg,"Roza’s Kitchen - Pizza, Burgers, Pasta","147 City Rd, Southbank VIC 3006, Australia",1,ChIJASyEGq1C1moRULayAWTRVHg,-37.8237063,144.9630994,4.7,Southbank,TRUE,TRUE,TRUE,TRUE,FALSE,TRUE,TRUE,TRUE,TRUE,TRUE,TRUE,NA,NA
Bar,ChIJA8Rg8bJC1moRmF1fVyw4iqg,Hopscotch Melbourne,"Ground Floor, 4 Riverside Quay, Southbank VIC 3006, Australia",2,ChIJA8Rg8bJC1moRmF1fVyw4iqg,-37.820722,144.963457,4.2,Southbank,TRUE,TRUE,TRUE,TRUE,NA,NA,NA,NA,NA,TRUE,TRUE,TRUE,NA
American,ChIJI5Y3PVNd1moRCdX2GRbu8aQ,Merrywell Rooftop,"Crown Riverwalk, Crown Melbourne, 8 Whiteman St, Southbank VIC 3006, Australia",2,ChIJI5Y3PVNd1moRCdX2GRbu8aQ,-37.8235767,144.9566657,3.4,Southbank,FALSE,TRUE,TRUE,TRUE,FALSE,NA,TRUE,TRUE,TRUE,TRUE,NA,TRUE,FALSE
Asian,ChIJQdoflvJD1moRWvpKUowF9J8,Pot au Feu,"54 Kavanagh St, Southbank VIC 3006, Australia",NA,ChIJQdoflvJD1moRWvpKUowF9J8,-37.8240856,144.9640267,4.3,Southbank,TRUE,TRUE,TRUE,TRUE,NA,NA,TRUE,TRUE,NA,NA,TRUE,TRUE,NA
Australian,ChIJF8d3c0dD1moR7GhXbcv3078,St Marks Road Co. Southbank,"99 City Rd, Southbank VIC 3006, Australia",NA,ChIJF8d3c0dD1moR7GhXbcv3078,-37.8225355,144.9647505,0,Southbank,NA,TRUE,TRUE,TRUE,TRUE,NA,TRUE,TRUE,NA,TRUE,TRUE,TRUE,NA
Vietnamese,ChIJYdEPcFVd1moRv5JhpIooqr4,Pho A Gogo,"161 Clarendon St, Southbank VIC 3006, Australia",1,ChIJYdEPcFVd1moRv5JhpIooqr4,-37.8292715,144.9590587,4.8,Southbank,NA,TRUE,TRUE,TRUE,FALSE,NA,TRUE,TRUE,TRUE,FALSE,TRUE,NA,NA
Chinese,ChIJs-Q2IlNd1moRoBwpphuZePA,Silks,"Level 1 Crown Towers, Crown Melbourne, 8 Whiteman St, Southbank VIC 3006, Australia",2,ChIJs-Q2IlNd1moRoBwpphuZePA,-37.8218012,144.9601499,4.2,Southbank,FALSE,TRUE,TRUE,TRUE,FALSE,NA,TRUE,TRUE,TRUE,TRUE,TRUE,TRUE,NA
Asian,ChIJVVVVoVNd1moR6axK6ZfedDA,Ging Thai,"Crown Riverwalk, Crown Melbourne, 8 Whiteman St, Southbank VIC 3006, Australia",NA,ChIJVVVVoVNd1moR6axK6ZfedDA,-37.8223299,144.9590778,4.2,Southbank,NA,TRUE,TRUE,TRUE,NA,NA,TRUE,TRUE,NA,TRUE,TRUE,TRUE,NA
Italian,ChIJhcyLdrJC1moRJQGSvfkx5YY,Sopranos on Southbank,"89/91 City Rd, Southbank VIC 3006, Australia",2,ChIJhcyLdrJC1moRJQGSvfkx5YY,-37.8224525,144.9650726,3.7,Southbank,TRUE,TRUE,TRUE,TRUE,NA,NA,TRUE,TRUE,TRUE,TRUE,TRUE,TRUE,NA
Australian,ChIJbVfLiJdD1moRk7I8Ws1zp7w,Farmer's Daughters,"95 Exhibition Street, 80 Collins Precinct, Melbourne VIC 3000, Australia",1010,4.6,-37.8135661,144.9710402,NA,CBD Hoddle Grid,FALSE,TRUE,TRUE,TRUE,NA,TRUE,TRUE,TRUE,NA,TRUE,TRUE,TRUE,NA
Mediterranean,ChIJ9yEuL8lC1moRpVtvu92LyWA,Bombabar,"103 Lonsdale St, Melbourne VIC 3000, Australia",1750,4.4,-37.8104041,144.9691967,2,CBD Hoddle Grid,FALSE,TRUE,TRUE,TRUE,NA,NA,TRUE,TRUE,NA,TRUE,FALSE,FALSE,NA
Asian,ChIJCUeXS89C1moRd-pK5oFaiDE,Sunda Dining,"18 Punch Ln, Melbourne VIC 3000, Australia",535,4.6,-37.8103547,144.9711635,NA,CBD Hoddle Grid,FALSE,TRUE,TRUE,TRUE,FALSE,NA,TRUE,TRUE,TRUE,TRUE,FALSE,TRUE,FALSE
Japanese,ChIJNVF8Q7ZC1moRarO5qwt4NOA,Supernormal,"180 Flinders Ln, Melbourne VIC 3000, Australia",3573,4.5,-37.8159071,144.9683863,3,CBD Hoddle Grid,FALSE,TRUE,TRUE,TRUE,FALSE,TRUE,TRUE,TRUE,TRUE,TRUE,FALSE,TRUE,FALSE
Italian,ChIJi-1K17ND1moRZHS2QIzd3rg,Pepe's Italian & Liquor,"275-285 Exhibition St, Melbourne VIC 3000, Australia",2718,4.2,-37.8093621,144.969009,2,CBD Hoddle Grid,FALSE,TRUE,TRUE,TRUE,FALSE,FALSE,TRUE,TRUE,TRUE,TRUE,TRUE,TRUE,NA
Australian,ChIJZ9bEx8lC1moR7ahmGWF-7Pk,Embla,"122 Russell St, Melbourne VIC 3000, Australia",965,4.6,-37.813394,144.9686092,2,CBD Hoddle Grid,FALSE,TRUE,TRUE,TRUE,NA,NA,NA,NA,NA,TRUE,FALSE,TRUE,NA
Mexican,ChIJ11L1vslC1moRY2bUl0toqJ4,Taco Bill - Russell St,"142 Russell St, Melbourne VIC 3000, Australia",722,4.2,-37.8130233,144.9683892,2,CBD Hoddle Grid,TRUE,TRUE,TRUE,TRUE,FALSE,NA,TRUE,TRUE,TRUE,TRUE,TRUE,FALSE,NA
Chinese,ChIJlwCLNTVd1moR9cBpIXkDe4M,David's Hotpot,"279 La Trobe St, Melbourne VIC 3000, Australia",5677,4.8,-37.8106739,144.960936,3,CBD Hoddle Grid,TRUE,TRUE,TRUE,TRUE,FALSE,TRUE,TRUE,TRUE,NA,TRUE,TRUE,NA,NA
Australian,ChIJ4_Vc6dZC1moRlwIXnmb2SgA,Vue de monde,"55 Rialto Towers, 525 Collins St, Melbourne VIC 3000, Australia",1412,4.6,-37.8187,144.9576,4,CBD Hoddle Grid,FALSE,TRUE,TRUE,TRUE,FALSE,FALSE,TRUE,TRUE,TRUE,TRUE,FALSE,TRUE,NA
Steakhouse,ChIJd4Tekk1d1moRmWbT07fDU6c,Rare Steakhouse Downtown,"42-44 King St, Melbourne VIC 3000, Australia",1544,4.5,-37.8191522,144.9572137,3,CBD Hoddle Grid,TRUE,TRUE,TRUE,TRUE,FALSE,FALSE,TRUE,TRUE,TRUE,TRUE,TRUE,TRUE,NA
American,ChIJVePWBsZC1moR67oZW_aUbmA,Butchers Diner,"10 Bourke St, Melbourne VIC 3000, Australia",1401,4.5,-37.8113241,144.972612,NA,CBD Hoddle Grid,TRUE,TRUE,FALSE,TRUE,TRUE,TRUE,TRUE,TRUE,TRUE,TRUE,TRUE,TRUE,FALSE
Italian,ChIJvVpIlchC1moRgfpgs41vZgA,Cellar Bar,"80 Bourke St, Melbourne VIC 3000, Australia",92,4,-37.8118,144.9709563,NA,CBD Hoddle Grid,NA,TRUE,TRUE,TRUE,TRUE,NA,TRUE,TRUE,NA,TRUE,NA,NA,NA
Chinese,ChIJvbwma8lC1moRvfdamzBOvwg,Dainty Sichuan Hot Pot - CBD,"149 Lonsdale St, Melbourne VIC 3000, Australia",755,3.8,-37.8107724,144.967973,2,CBD Hoddle Grid,TRUE,TRUE,TRUE,TRUE,FALSE,FALSE,TRUE,TRUE,NA,TRUE,TRUE,FALSE,NA
Seafood,ChIJOW1Z0XFn1moRy7J6Ku9EJR0,Pier 35 Bar & Grill,"263-329 Lorimer St, Port Melbourne VIC 3207, Australia",1260,4.1,-37.823866,144.9065137,2,Fishermans Bend,FALSE,TRUE,TRUE,TRUE,TRUE,TRUE,TRUE,TRUE,NA,TRUE,TRUE,TRUE,NA
Japanese,ChIJ6VLRg65n1moRBGCCDXKApJ0,Sushi Sushi,"Kiosk 01, Woolworths Fisherman's Bend, 477/481 Plummer St, Port Melbourne VIC 3207, Australia",17,1.6,-37.8310761,144.9309287,1,Fishermans Bend,TRUE,NA,NA,NA,NA,NA,TRUE,TRUE,NA,NA,TRUE,NA,NA
Italian,ChIJT9wJyVhn1moRGkTa_n1fHPQ,Elma,"300 Plummer St, Port Melbourne VIC 3207, Australia",135,4.2,-37.8338042,144.919775,NA,Fishermans Bend,TRUE,TRUE,TRUE,TRUE,TRUE,NA,TRUE,TRUE,TRUE,TRUE,TRUE,TRUE,NA
Cafe,ChIJKwRx3W1n1moRssWFI_NYy00,Bonnie & Duke Cafe and Grocer,"262 Lorimer St, Port Melbourne VIC 3207, Australia",90,4.3,-37.8257745,144.9049783,2,Fishermans Bend,FALSE,TRUE,NA,FALSE,TRUE,TRUE,NA,TRUE,NA,FALSE,TRUE,NA,TRUE
Cafe,ChIJFcCWo4pn1moRH71gqC4XaZ4,Bega Canteen,"Port Melbourne VIC 3207, Australia",2,5,-37.8268442,144.9231277,NA,Fishermans Bend,NA,TRUE,NA,FALSE,TRUE,NA,NA,TRUE,NA,FALSE,TRUE,TRUE,NA
Steakhouse,ChIJky5gjJln1moRCQxD7r9Do6g,Port Melbourne SC club restaurant,"430 Plummer St, Port Melbourne VIC 3207, Australia",2,5,-37.8331904,144.9265883,NA,Fishermans Bend,NA,TRUE,NA,TRUE,NA,NA,TRUE,TRUE,NA,TRUE,TRUE,TRUE,NA
Japanese,ChIJf_tmS4Nn1moRoOyR9hlKIq8,Ootoro,"Shop3/1 Phillip Ct, Port Melbourne VIC 3207, Australia",114,4.2,-37.8254314,144.9217115,NA,Fishermans Bend,NA,TRUE,NA,NA,NA,NA,TRUE,TRUE,NA,NA,TRUE,TRUE,NA
Fast_food,ChIJkRt3vp1n1moRzB5xK-IDAXY,Red Rooster,"12/62 Cook St, Port Melbourne VIC 3210, Australia",104,3.3,-37.8299006,144.9169199,1,Fishermans Bend,TRUE,TRUE,FALSE,FALSE,NA,TRUE,TRUE,TRUE,NA,FALSE,TRUE,TRUE,NA
Japanese,ChIJS23Z8Gxn1moRC5bwgmgAkPA,Fishermans Bend,"Fishermans Bend, Port Melbourne VIC 3207, Australia",NA,NA,-37.8273585,144.902539,NA,Fishermans Bend,NA,NA,NA,NA,NA,NA,NA,NA,NA,NA,NA,NA,NA
Greek,ChIJYWqrcv1n1moR-6m39IUUug4,Tally Kitchen/Catering,"Unit 6/157 Hyde St, Yarraville VIC 3013, Australia",66,4.5,-37.81556,144.8973309,NA,Fishermans Bend,TRUE,TRUE,NA,NA,TRUE,TRUE,TRUE,TRUE,TRUE,NA,TRUE,TRUE,NA
Asian,ChIJ3xtWEWhd1moRsNeW8ER5MGM,BangPop,"35 S Wharf Promenade, South Wharf VIC 3006, Australia",1810,4.3,-37.824201,144.95135,2,Fishermans Bend,TRUE,TRUE,TRUE,TRUE,FALSE,TRUE,TRUE,TRUE,TRUE,TRUE,TRUE,TRUE,NA
Cafe,ChIJk44U_wuJ1moRQRFvee14p9U,7 Fusions,"249 Hyde St, Yarraville VIC 3013, Australia",28,4.9,-37.8204697,144.8963019,NA,Fishermans Bend,TRUE,TRUE,NA,NA,NA,NA,TRUE,TRUE,TRUE,NA,TRUE,TRUE,NA
American,ChIJj-KYTKBn1moRQRxdZL42ncA,Centre Avenue Cafe,"9 Centre Ave, Port Melbourne VIC 3207, Australia",40,4.4,-37.8367369,144.9197886,NA,Fishermans Bend,NA,TRUE,NA,NA,TRUE,TRUE,NA,TRUE,NA,NA,TRUE,TRUE,NA
Australian,ChIJ1VNWXINn1moReREUuyRwegU,Subway,"1 Phillip Ct, Port Melbourne VIC 3207, Australia",175,3.5,-37.8253236,144.921726,1,Fishermans Bend,TRUE,TRUE,FALSE,FALSE,TRUE,TRUE,TRUE,TRUE,TRUE,FALSE,TRUE,TRUE,NA
